sequence,context,input_mode,copy_ms,queue_ms,rga_ms,inference_ms,output_sync_ms,postprocess_ms,e2e_ms,detections
1,1,dma-replay,0,0.003208,1.86346,24.2061,0.055125,1.87483,28.8468,2
2,2,dma-replay,0,0.002916,3.49504,23.0289,0.038792,1.46329,28.9057,2
0,0,dma-replay,0,0.0035,1.95154,28.5577,0.048125,1.87075,33.3936,2
3,1,dma-replay,0,0.000583,3.43467,22.7323,0.049,1.86042,28.396,2
4,2,dma-replay,0,0.000875,1.8305,23.1902,0.087791,3.32633,28.9957,2
5,0,dma-replay,0,0.000583,1.72521,23.5217,0.114917,3.74442,29.4303,2
7,2,dma-replay,0,0.001167,1.7465,24.1835,0.131834,3.73392,30.1087,2
6,1,dma-replay,0,0.000584,1.88037,25.4275,0.115208,3.77796,31.9095,2
8,0,dma-replay,0,0.001458,1.82525,23.6547,0.1155,3.79838,30.1256,2
9,2,dma-replay,0,0.001167,1.8515,23.9871,0.061542,2.32779,28.906,2
10,1,dma-replay,0,0.001167,1.81854,24.5713,0.061542,5.64608,32.7873,2
11,0,dma-replay,0,0.001458,1.83546,25.9958,0.182291,4.79383,33.5272,2
12,2,dma-replay,0,0.002041,1.92354,31.3259,0.188417,8.48692,42.9835,2
13,1,dma-replay,0,0.002042,1.95417,26.6601,0.184333,8.75233,38.6569,2
14,0,dma-replay,0,0.000875,1.73483,24.836,0.272125,8.79783,36.0824,2
16,1,dma-replay,0,0.003208,1.93667,29.0719,0.278542,8.90429,41.872,2
15,2,dma-replay,0,0.002916,2.05975,29.8568,0.28,8.80162,42.604,2
17,0,dma-replay,0,0.003208,2.01454,28.1867,0.273,8.84654,40.9663,2
18,1,dma-replay,0,0.003208,2.08775,27.6334,0.27825,8.78996,40.4527,2
20,0,dma-replay,0,0.002917,1.91362,28.1464,0.277667,8.86463,40.8488,2
19,2,dma-replay,0,0.003792,3.65254,27.6465,0.273584,8.79754,42.0455,2
21,1,dma-replay,0,0.002625,2.01483,28.2981,0.27825,8.76983,40.9835,2
22,0,dma-replay,0,0.002917,1.92237,27.4884,0.277667,8.75904,40.0852,2
23,2,dma-replay,0,0.003209,2.61392,27.1874,0.273,8.79871,40.5215,2
24,1,dma-replay,0,0.002625,2.0475,27.5409,0.277084,8.80746,40.2818,2
26,2,dma-replay,0,0.002917,1.89525,27.039,0.275333,8.8305,39.7069,2
25,0,dma-replay,0,0.002625,3.61112,30.9715,0.272416,8.79404,45.2521,2
28,2,dma-replay,0,0.003208,1.96029,27.356,0.280875,8.813,40.0872,2
27,1,dma-replay,0,0.002625,2.01367,28.1584,0.277667,8.85092,41.0305,2
29,0,dma-replay,0,0.002625,2.05946,27.3152,0.273,8.82554,40.1193,2
30,2,dma-replay,0,0.002916,2.01804,26.8642,0.28175,8.81621,39.6352,2
31,1,dma-replay,0,0.002916,2.13325,27.2533,0.276208,8.83021,40.1701,2
32,0,dma-replay,0,0.002916,2.08104,31.2063,0.272125,8.932,44.0997,2
33,2,dma-replay,0,0.002625,2.13063,26.4486,0.278833,8.79433,39.2855,2
34,1,dma-replay,0,0.002917,2.06033,27.1282,0.275917,8.98421,40.0642,2
35,0,dma-replay,0,0.002625,2.05333,31.8089,0.27475,8.91829,44.66,2
36,2,dma-replay,0,0.002625,2.15892,26.7543,0.276791,8.91742,39.7524,2
37,1,dma-replay,0,0.003208,1.97604,26.6674,0.273875,8.85063,39.38,2
38,0,dma-replay,0,0.002625,2.04808,32.6722,0.277084,8.78033,45.3828,2
39,2,dma-replay,0,0.003208,2.13617,26.8453,0.277958,8.85267,39.7673,2
40,1,dma-replay,0,0.002916,2.00287,26.9564,0.273583,8.91567,39.8265,2
41,0,dma-replay,0,0.002916,2.05742,27.1308,0.277083,8.93317,40.0409,2
42,2,dma-replay,0,0.002625,2.01279,27.0947,0.277084,8.85529,39.8434,2
43,1,dma-replay,0,0.0035,2.40304,26.5285,0.274459,8.94775,39.7609,2
44,0,dma-replay,0,0.002917,2.04983,27.1609,0.2765,8.83983,39.9878,2
45,2,dma-replay,0,0.002917,2.01571,27.2029,0.275334,8.8165,39.9155,2
46,1,dma-replay,0,0.003209,2.11429,26.9307,0.275041,8.82583,39.8953,2
47,0,dma-replay,0,0.002625,2.04488,29.3799,0.062417,2.04692,35.1575,2
48,2,dma-replay,0,0.002625,2.00287,25.2315,0.061833,2.01804,30.6002,2
49,1,dma-replay,0,0.002917,2.02387,24.9212,0.061541,2.04896,30.6868,2
50,0,dma-replay,0,0.000583,1.91071,28.6907,0.062417,2.07638,33.1322,2
51,2,dma-replay,0,0.000583,1.76342,25.2583,0.274459,2.03233,29.7404,2
52,1,dma-replay,0,0.000584,1.841,25.529,0.071167,2.01396,29.8451,2
53,0,dma-replay,0,0.000875,1.98596,25.7658,0.277375,5.16338,34.8457,2
54,2,dma-replay,0,0.000875,1.73192,25.4634,0.182292,4.71975,32.5042,2
55,1,dma-replay,0,0.000875,1.72637,25.8475,0.182875,3.53471,31.7432,2
56,0,dma-replay,0,0.001167,1.92558,24.0511,0.062416,2.04954,29.1524,2
57,2,dma-replay,0,0.000583,1.73192,25.2598,0.277375,3.09429,30.7845,2
58,1,dma-replay,0,0.000583,1.84333,25.3598,0.275334,2.45438,30.3736,2
59,0,dma-replay,0,0.000583,1.8795,25.4914,0.184917,6.74508,35.9263,2
60,2,dma-replay,0,0.000583,1.74358,26.2407,0.281166,6.12879,34.8119,2
61,1,dma-replay,0,0.000583,1.73017,26.3401,0.275041,5.88642,34.6602,2
62,0,dma-replay,0,0.002625,2.18167,24.1865,0.184334,7.81433,35.9864,2
63,2,dma-replay,0,0.000875,1.73571,26.7143,0.274167,6.84804,36.0246,2
64,1,dma-replay,0,0.000584,3.30458,26.8771,0.272709,5.49792,36.3816,2
65,0,dma-replay,0,0.002625,2.04371,23.0411,0.061833,2.01804,28.7607,2
66,2,dma-replay,0,0.000875,1.72696,24.5887,0.275333,4.03492,31.0435,2
67,1,dma-replay,0,0.000583,1.73979,27.5788,0.061541,2.04312,31.8092,2
68,0,dma-replay,0,0.000583,1.76167,27.2469,0.185792,5.73242,35.3375,2
69,2,dma-replay,0,0.000875,1.76517,25.7282,0.182292,4.89592,32.9887,2
70,1,dma-replay,0,0.000875,1.83925,26.619,0.202416,3.44954,32.52,2
71,0,dma-replay,0,0.002042,2.04663,23.907,0.184042,5.85375,33.1295,2
72,2,dma-replay,0,0.001167,1.72988,24.7879,0.274166,6.12763,33.3428,2
73,1,dma-replay,0,0.000875,1.74271,26.9112,0.274458,3.93925,33.2981,2
74,0,dma-replay,0,0.000584,1.87979,23.2243,0.062125,2.03437,27.6004,2
75,2,dma-replay,0,0.000875,1.73308,24.0048,0.18375,3.64729,29.9763,2
76,1,dma-replay,0,0.000584,1.73658,24.3288,0.184041,2.94729,29.6118,2
77,0,dma-replay,0,0.000583,1.77537,24.3282,0.186083,6.10167,32.8227,2
78,2,dma-replay,0,0.000875,1.74679,24.862,0.063,2.05012,29.1086,2
79,1,dma-replay,0,0.000875,1.83838,26.6248,0.063,2.06471,30.9838,2
80,0,dma-replay,0,0.003209,2.05538,23.7427,0.116666,3.60929,30.0097,2
81,2,dma-replay,0,0.001458,1.78383,24.9863,0.184916,4.2665,31.6876,2
82,1,dma-replay,0,0.001166,1.78196,28.4094,0.062708,2.04721,32.8855,2
83,0,dma-replay,0,0.002042,1.93229,24.2325,0.184625,7.79975,35.292,2
84,2,dma-replay,0,0.000875,1.73658,28.546,0.275917,4.69613,35.6962,2
85,1,dma-replay,0,0.000583,1.76604,35.299,0.062708,2.07083,39.6328,2
86,0,dma-replay,0,0.002625,2.03204,25.5748,0.276208,8.81621,38.3618,2
87,2,dma-replay,0,0.000875,1.771,32.8099,0.277375,3.67004,38.9527,2
88,1,dma-replay,0,0.000583,1.94804,37.509,0.277083,8.93404,50.7495,2
89,0,dma-replay,0,0.002916,2.04838,25.2528,0.301,8.88154,38.0935,2
90,2,dma-replay,0,0.000875,1.73833,26.7879,0.061542,2.03758,31.0203,2
92,0,dma-replay,0,0.002917,1.93929,26.0479,0.275625,8.86433,37.5474,2
91,1,dma-replay,0,0.002625,2.05187,36.444,0.275041,9.00346,49.4775,2
93,2,dma-replay,0,0.000875,1.72871,36.7675,0.314125,4.71742,43.9413,2
94,0,dma-replay,0,0.002916,1.99996,24.7514,0.277083,8.95738,37.5775,2
95,1,dma-replay,0,0.002625,2.03233,26.9188,0.277375,8.98975,39.8889,2
96,2,dma-replay,0,0.000583,1.73775,28.0146,0.273583,6.64942,37.0921,2
97,0,dma-replay,0,0.002916,2.037,24.8255,0.277375,8.82671,37.5515,2
98,1,dma-replay,0,0.002916,2.0195,26.819,0.275916,8.98596,39.0192,2
99,2,dma-replay,0,0.001459,1.73717,31.0007,0.273875,4.71188,38.1658,2
100,0,dma-replay,0,0.002625,2.08308,27.1553,0.276791,8.99062,40.091,2
101,1,dma-replay,0,0.002625,1.96525,25.9744,0.278833,8.97021,37.6413,2
102,2,dma-replay,0,0.001167,1.73513,29.2422,0.273583,7.64721,39.3173,2
103,0,dma-replay,0,0.002917,2.05071,24.2719,0.184625,7.95667,36.0237,2
104,1,dma-replay,0,0.002917,2.04808,25.6603,0.276792,9.01512,38.6213,2
105,2,dma-replay,0,0.000584,1.73454,26.728,0.273583,7.07758,36.2262,2
106,0,dma-replay,0,0.002917,2.02592,25.3374,0.06125,3.81704,32.7906,2
107,1,dma-replay,0,0.002625,1.95971,24.2754,0.274167,7.36196,34.2889,2
108,2,dma-replay,0,0.001166,1.74271,24.8302,0.27475,5.86163,33.1281,2
109,0,dma-replay,0,0.002917,2.05683,24.5187,0.061834,2.02913,30.2172,2
110,1,dma-replay,0,0.000584,1.72842,24.9448,0.277667,3.85554,31.2325,2
111,2,dma-replay,0,0.000583,1.83137,25.2286,0.275917,3.21271,30.9698,2
112,0,dma-replay,0,0.000583,1.96933,23.9461,0.275917,7.13183,34.9665,2
114,2,dma-replay,0,0.000875,1.74475,25.5727,0.183458,5.52475,33.4276,2
113,1,dma-replay,0,0.000584,1.729,27.6608,0.181709,4.22246,34.1962,2
115,0,dma-replay,0,0.002042,1.939,23.4176,0.062417,2.01717,28.4932,2
116,2,dma-replay,0,0.000875,1.72783,24.7535,0.27825,3.38275,30.5681,2
117,1,dma-replay,0,0.000584,1.73717,26.7826,0.061833,2.05071,31.0313,2
118,0,dma-replay,0,0.000583,1.7675,23.9937,0.184334,5.69858,32.2688,2
119,2,dma-replay,0,0.000875,1.74737,24.474,0.061833,2.06004,28.7376,2
120,1,dma-replay,0,0.000875,1.8445,24.4186,0.061542,2.02767,28.7452,2
121,0,dma-replay,0,0.000584,1.76342,23.0965,0.061833,2.15104,27.4613,2
122,2,dma-replay,0,0.000875,1.73104,24.5073,0.275333,8.883,35.8225,2
123,1,dma-replay,0,0.000583,1.71762,27.018,0.270958,7.99517,37.4273,2
124,0,dma-replay,0,0.000584,1.77158,29.4152,0.278542,8.81971,40.7111,2
125,2,dma-replay,0,0.002625,2.02038,28.4632,0.276208,4.29975,36.1573,2
126,1,dma-replay,0,0.00175,1.92267,30.7723,0.061541,2.03437,35.8654,2
127,0,dma-replay,0,0.002917,2.18779,24.1022,0.185792,8.32854,36.423,2
128,2,dma-replay,0,0.000583,1.77217,26.8724,0.277375,5.86629,35.2004,2
129,1,dma-replay,0,0.000583,1.7675,29.9186,0.060958,2.04283,34.1915,2
130,0,dma-replay,0,0.002625,2.04925,24.5408,0.276791,6.78737,35.2567,2
131,2,dma-replay,0,0.000875,1.72375,25.5996,0.206791,5.86658,33.7942,2
132,1,dma-replay,0,0.000583,1.74008,26.0595,0.182,4.77021,33.1677,2
133,0,dma-replay,0,0.00175,1.92558,22.8509,0.062125,2.04079,27.9615,2
134,2,dma-replay,0,0.000875,1.72521,23.707,0.061833,8.35567,34.244,2
135,1,dma-replay,0,0.000584,1.72317,23.9977,0.272708,8.89788,35.3141,2
136,0,dma-replay,0,0.000583,1.75992,26.983,0.277958,8.71325,38.1567,2
137,2,dma-replay,0,0.002916,2.01396,26.6895,0.277083,8.72987,39.312,2
138,1,dma-replay,0,0.002916,2.03437,26.3255,0.373917,8.91188,39.254,2
139,0,dma-replay,0,0.002625,1.96671,26.3363,0.062125,2.0055,30.7568,2
140,2,dma-replay,0,0.002625,2.02796,26.0724,0.27825,6.95012,36.9288,2
141,1,dma-replay,0,0.003208,2.06908,30.0892,0.061834,5.43258,39.2828,2
142,0,dma-replay,0,0.000875,1.79083,26.3098,0.183458,3.54579,32.2528,2
144,1,dma-replay,0,0.002333,1.93988,25.66,0.277959,9.20733,38.1827,2
145,0,dma-replay,0,0.000584,1.73221,26.3191,0.2765,8.90079,37.6475,2
143,2,dma-replay,0,0.00175,1.95096,36.1804,0.312958,8.87104,48.407,2
146,1,dma-replay,0,0.003208,1.99442,25.0445,0.061833,2.06792,30.7186,2
148,2,dma-replay,0,0.002625,1.97808,23.5987,0.061833,2.00113,29.311,2
147,0,dma-replay,0,0.002917,2.00113,24.6654,0.06125,2.02504,30.3129,2
149,1,dma-replay,0,0.000584,1.78937,24.8932,0.061542,2.02417,29.1483,2
151,0,dma-replay,0,0.000875,1.7185,25.2003,0.062125,2.03117,29.3945,2
150,2,dma-replay,0,0.000583,1.75058,25.5894,0.061834,2.02913,29.8066,2
152,1,dma-replay,0,0.000875,1.78004,23.7854,0.061833,3.56271,29.5686,2
153,0,dma-replay,0,0.000875,1.76867,24.022,0.277667,7.31238,33.8001,2
154,2,dma-replay,0,0.000875,1.83283,24.899,0.273,6.45458,33.8788,2
155,1,dma-replay,0,0.002917,2.03613,23.7376,0.072917,2.04983,29.5038,2
156,0,dma-replay,0,0.000875,1.72375,25.3044,0.277375,2.88079,30.616,2
157,2,dma-replay,0,0.000584,1.74417,25.5999,0.275333,2.39838,30.4325,2
158,1,dma-replay,0,0.000583,1.81504,24.9069,0.275333,4.93908,33.5618,2
159,0,dma-replay,0,0.000875,1.73192,25.7148,0.184917,4.60921,32.6416,2
160,2,dma-replay,0,0.000875,1.71908,26.4813,0.182583,4.02675,32.8113,2
161,1,dma-replay,0,0.000583,1.81212,24.6677,0.061833,2.04808,29.6412,2
162,0,dma-replay,0,0.000583,1.72463,24.4808,0.200959,3.32967,30.165,2
163,2,dma-replay,0,0.000875,1.82029,24.6315,0.184334,3.00475,30.042,2
164,1,dma-replay,0,0.000583,1.81067,27.9621,0.304208,7.41212,38.5948,2
166,2,dma-replay,0,0.000875,1.73221,25.2586,0.184916,5.85608,33.4367,2
165,0,dma-replay,0,0.000875,1.72696,26.8018,0.183458,6.19412,35.3106,2
167,1,dma-replay,0,0.002917,2.72213,24.9999,0.184625,6.92358,35.9896,2
168,2,dma-replay,0,0.002625,1.95621,26.0423,0.287875,8.68788,38.1655,2
169,0,dma-replay,0,0.002625,1.85179,25.0221,0.272416,8.87367,37.3313,2
170,1,dma-replay,0,0.002625,2.01658,24.3676,0.061833,2.08658,30.1175,2
171,2,dma-replay,0,0.0035,1.97779,24.1932,0.284375,6.13492,33.4836,2
172,0,dma-replay,0,0.002917,1.9005,24.1517,0.275042,5.929,32.7101,2
173,1,dma-replay,0,0.000583,1.77333,24.7319,0.275334,4.95454,33.3428,2
174,2,dma-replay,0,0.000875,1.75671,26.4623,0.188125,3.60792,32.4333,2
175,0,dma-replay,0,0.000875,1.77508,26.3486,0.187833,3.59858,32.3336,2
176,1,dma-replay,0,0.000584,1.82117,32.2575,0.278834,8.84275,44.3138,2
177,2,dma-replay,0,0.000875,1.73921,28.6988,0.284959,7.13825,38.2979,2
178,0,dma-replay,0,0.000583,3.33142,27.1268,0.28,7.10967,38.2941,2
179,1,dma-replay,0,0.00175,1.92208,25.9195,0.2765,8.84042,38.0613,2
180,2,dma-replay,0,0.00175,1.93637,26.3092,0.276208,8.86404,38.4971,2
181,0,dma-replay,0,0.002042,3.51662,25.7635,0.271834,8.76371,39.4421,2
182,1,dma-replay,0,0.002625,1.99879,26.5907,0.278834,9.44621,39.9064,2
183,2,dma-replay,0,0.002625,1.99442,26.8077,0.277375,9.06033,39.7571,2
184,0,dma-replay,0,0.002916,1.98742,26.5458,0.272125,8.81038,39.2263,2
187,0,dma-replay,0,0.002917,2.00258,25.841,0.281167,8.82788,38.5801,2
186,2,dma-replay,0,0.002625,1.99558,26.8752,0.275625,8.84742,39.6362,2
185,1,dma-replay,0,0.002917,2.05742,35.7638,0.273,8.76371,48.4752,2
188,0,dma-replay,0,0.002625,2.01396,27.0244,0.279416,8.83633,39.8075,2
189,2,dma-replay,0,0.002916,2.11837,27.2303,0.276792,8.82467,40.073,2
190,1,dma-replay,0,0.002917,2.04225,28.8782,0.271542,9.044,41.8609,2
191,0,dma-replay,0,0.002625,2.00404,26.6146,0.277375,8.88387,39.4351,2
192,2,dma-replay,0,0.002917,2.07258,27.2414,0.273875,8.841,40.0412,2
193,1,dma-replay,0,0.002625,2.03262,27.9714,0.273,8.80221,40.7476,2
194,0,dma-replay,0,0.002916,2.00725,27.2755,0.275333,8.82875,40.0622,2
195,2,dma-replay,0,0.002917,2.07638,27.6544,0.275042,8.83021,40.4445,2
196,1,dma-replay,0,0.002917,2.04896,31.6875,0.274167,8.77042,44.4316,2
197,0,dma-replay,0,0.002625,2.01454,27.008,0.276792,8.799,39.7542,2
198,2,dma-replay,0,0.002917,1.967,27.1927,0.275625,8.85587,39.8959,2
199,1,dma-replay,0,0.002625,2.03467,32.377,0.061834,2.072,38.115,2
200,0,dma-replay,0,0.002917,2.05946,25.7008,0.275916,8.83021,38.54,2
201,2,dma-replay,0,0.002916,2.14958,31.1625,0.276792,8.77479,43.9854,2
202,1,dma-replay,0,0.000583,1.75612,37.3421,0.062125,2.05683,41.6097,2
203,0,dma-replay,0,0.002916,2.03642,25.893,0.27475,8.83808,38.6388,2
204,2,dma-replay,0,0.003208,2.02533,28.0044,0.277084,8.80571,39.9849,2
205,1,dma-replay,0,0.000584,1.76517,32.8242,0.061834,2.01542,37.1163,2
206,0,dma-replay,0,0.002625,2.14288,25.4718,0.277083,8.90983,38.393,2
207,2,dma-replay,0,0.002625,1.96992,26.7286,0.278542,8.82933,38.2218,2
208,1,dma-replay,0,0.000875,1.77479,27.5572,0.275042,5.59475,35.6341,2
209,0,dma-replay,0,0.002625,2.03117,23.0452,0.062125,2.05362,28.8038,2
210,2,dma-replay,0,0.003208,1.94075,24.4294,0.280292,4.64217,31.7088,2
211,1,dma-replay,0,0.000583,1.73804,24.5843,0.273,3.48921,30.5031,2
212,0,dma-replay,0,0.000875,1.76196,23.7402,0.184041,5.85579,31.9425,2
214,1,dma-replay,0,0.000583,1.83721,26.0327,0.281167,2.64717,31.2285,2
213,2,dma-replay,0,0.000875,1.72754,26.7972,0.275333,2.43017,31.6584,2
215,0,dma-replay,0,0.002042,1.87775,24.3008,0.1855,5.72221,32.6398,2
217,2,dma-replay,0,0.000583,1.73892,24.8681,0.062708,2.03117,29.0894,2
216,1,dma-replay,0,0.000583,1.75525,25.0947,0.061542,2.01979,29.3163,2
218,0,dma-replay,0,0.000875,1.76283,23.1137,0.062125,2.08833,27.4216,2
219,2,dma-replay,0,0.000584,1.73308,24.7613,0.185208,2.99367,30.0729,2
220,1,dma-replay,0,0.000583,1.729,24.8812,0.183458,2.80467,30.014,2
221,0,dma-replay,0,0.000875,1.90546,23.8102,0.184041,7.70992,34.7156,2
223,1,dma-replay,0,0.000584,1.67008,26.749,0.274458,5.91879,35.04,2
222,2,dma-replay,0,0.000583,3.39062,27.2676,0.273584,4.26096,35.6218,2
224,0,dma-replay,0,0.002917,2.16387,24.7596,0.277375,5.59533,34.449,2
225,1,dma-replay,0,0.000291,1.72754,25.1705,0.182875,5.50142,32.989,2
226,2,dma-replay,0,0.000583,1.743,25.9458,0.183166,4.63196,32.9149,2
227,0,dma-replay,0,0.002041,2.044,23.2782,0.062125,2.03204,28.4786,2
228,1,dma-replay,0,0.000584,1.72929,24.3682,0.184042,3.7345,30.4205,2
229,2,dma-replay,0,0.000875,1.74854,24.4338,0.181708,3.39617,30.163,2
230,0,dma-replay,0,0.000875,1.76838,24.351,0.186375,5.90946,32.6183,2
231,1,dma-replay,0,0.000583,1.74621,24.5513,0.064167,2.02183,28.7659,2
232,2,dma-replay,0,0.000875,1.75992,24.3711,0.063291,2.02154,28.602,2
233,0,dma-replay,0,0.003208,1.93258,24.8191,0.184333,8.14946,35.4973,2
234,1,dma-replay,0,0.000875,1.74854,26.3582,0.357,8.82525,37.7128,2
235,2,dma-replay,0,0.001167,3.34425,28.1149,0.273583,6.51029,38.6712,2
236,0,dma-replay,0,0.003209,2.0685,24.8124,0.061834,2.02475,30.529,2
237,1,dma-replay,0,0.002625,1.85121,24.5709,0.300708,4.51442,31.659,2
238,2,dma-replay,0,0.000875,1.74067,24.8905,0.274167,3.64787,30.9881,2
239,0,dma-replay,0,0.000875,1.95708,24.0281,0.184333,4.88746,32.6407,2
240,1,dma-replay,0,0.000875,1.73046,24.3206,0.061541,2.01717,28.5116,2
241,2,dma-replay,0,0.000875,1.72754,24.4609,0.06125,2.03846,28.6682,2
242,0,dma-replay,0,0.000583,1.88563,22.9177,0.061833,2.01221,27.2772,2
243,1,dma-replay,0,0.000583,1.76371,25.3135,0.278542,3.51021,31.2865,2
244,2,dma-replay,0,0.000875,1.71529,25.4634,0.275917,3.12608,30.9977,2
245,0,dma-replay,0,0.000583,1.79696,23.6822,0.184625,5.78025,33.0219,2
247,2,dma-replay,0,0.000875,1.72579,25.4333,0.184917,4.46658,32.2128,2
246,1,dma-replay,0,0.000584,1.73104,26.7525,0.183167,3.67121,32.7387,2
248,0,dma-replay,0,0.002042,1.92267,24.0911,0.062417,2.1245,29.2603,2
249,2,dma-replay,0,0.000583,1.73075,24.2573,0.185208,5.95992,32.5415,2
250,1,dma-replay,0,0.000583,1.743,28.551,0.182583,3.96258,34.8533,2
251,0,dma-replay,0,0.00175,1.89117,24.6461,0.062416,2.25633,30.0008,2
252,2,dma-replay,0,0.002917,1.94075,24.9853,0.063,2.09912,29.5458,2
253,1,dma-replay,0,0.000583,2.05917,25.1825,0.071459,2.03467,29.8264,2
254,0,dma-replay,0,0.002042,1.92121,23.6991,0.184625,7.41125,34.3595,2
256,1,dma-replay,0,0.001167,1.76458,27.02,0.062125,2.04167,31.3235,2
255,2,dma-replay,0,0.001167,1.76867,34.8504,0.063,2.03846,39.1437,2
257,0,dma-replay,0,0.002625,2.04108,24.792,0.277958,8.75088,37.529,2
258,1,dma-replay,0,0.000583,1.76313,27.7445,0.274459,5.28821,35.5011,2
259,2,dma-replay,0,0.000875,1.76779,36.5435,0.061541,4.79733,43.5843,2
260,0,dma-replay,0,0.002917,2.02562,24.2083,0.18375,4.97117,32.9884,2
261,1,dma-replay,0,0.000583,1.73775,30.6279,0.182875,5.91646,38.871,2
263,0,dma-replay,0,0.000583,1.7325,25.6124,0.061833,2.02738,29.8273,2
262,2,dma-replay,0,0.002042,1.93404,35.0677,0.062708,2.02825,40.1943,2
264,1,dma-replay,0,0.00175,1.95971,23.6451,0.062125,5.47983,32.2146,2
265,0,dma-replay,0,0.000584,1.72871,26.21,0.276792,3.41337,32.0547,2
266,2,dma-replay,0,0.001458,1.76079,26.6117,0.275333,2.81108,31.8952,2
267,1,dma-replay,0,0.002625,2.06237,25.4144,0.277375,6.14075,35.4985,2
269,2,dma-replay,0,0.001167,1.73162,26.0975,0.18375,3.21592,31.6493,2
268,0,dma-replay,0,0.000875,1.75583,27.886,0.203583,2.142,32.4117,2
270,1,dma-replay,0,0.000875,1.81475,24.9778,0.275041,5.55421,33.7292,2
271,2,dma-replay,0,0.000875,1.73338,25.7857,0.185792,5.08404,33.1934,2
272,0,dma-replay,0,0.000875,1.71996,25.6865,0.182,4.79208,32.7959,2
273,1,dma-replay,0,0.000875,1.82292,24.0602,0.062708,2.02358,29.0821,2
275,0,dma-replay,0,0.000583,1.72754,23.9266,0.27825,8.77479,35.1342,2
274,2,dma-replay,0,0.000583,1.729,24.2317,0.27825,8.80133,35.4632,2
276,1,dma-replay,0,0.000583,1.75087,28.854,0.061833,2.02767,33.087,2
277,0,dma-replay,0,0.002625,2.15192,24.0447,0.277958,8.86725,36.4452,2
278,2,dma-replay,0,0.003209,3.661,26.3042,0.276208,8.78879,40.1383,2
279,1,dma-replay,0,0.000583,1.78179,33.969,0.062417,2.05742,38.2725,2
280,0,dma-replay,0,0.002625,2.03875,25.5602,0.275625,8.83517,38.3104,2
281,2,dma-replay,0,0.002625,2.04575,37.0011,0.2765,4.31112,45.2489,2
282,1,dma-replay,0,0.000583,1.83429,28.8788,0.061834,2.06383,34.4365,2
283,0,dma-replay,0,0.002917,2.17904,24.9369,0.278834,8.77042,37.8128,2
284,2,dma-replay,0,0.000875,1.75117,28.5448,0.277084,6.10663,37.1006,2
285,1,dma-replay,0,0.000584,1.76692,28.9208,0.275625,2.40217,33.7884,2
286,0,dma-replay,0,0.003208,2.16796,25.5544,0.276792,4.79967,34.3974,2
287,2,dma-replay,0,0.000875,1.73513,25.2487,0.062125,2.02329,29.447,2
288,1,dma-replay,0,0.000584,1.75233,24.8491,0.061541,2.00958,29.0678,2
289,0,dma-replay,0,0.000875,1.77508,25.083,0.062416,7.90125,35.2202,2
290,2,dma-replay,0,0.000583,1.76371,24.008,0.275334,8.82671,35.2923,2
291,1,dma-replay,0,0.000875,1.72025,24.4528,0.273584,8.72871,35.6035,2
292,0,dma-replay,0,0.002917,2.16329,25.6235,0.277667,8.708,38.4221,2
293,2,dma-replay,0,0.002625,2.03788,25.4806,0.275334,8.86112,38.2538,2
294,1,dma-replay,0,0.003208,2.07812,26.217,0.273,8.83167,39.0212,2
295,0,dma-replay,0,0.002625,2.15163,26.1707,0.277375,8.83196,39.0145,2
296,2,dma-replay,0,0.002625,2.05042,25.7469,0.275333,8.72258,38.437,2
297,1,dma-replay,0,0.002917,1.95854,25.697,0.272709,8.83167,38.3787,2
298,0,dma-replay,0,0.002917,2.15163,27.0813,0.278834,8.77887,39.8772,2
299,2,dma-replay,0,0.002917,2.03,26.0808,0.276792,8.80396,38.8179,2
300,1,dma-replay,0,0.002916,2.07667,25.58,0.272709,8.69254,38.2987,2
302,2,dma-replay,0,0.002917,2.03496,26.2815,0.317625,8.85558,39.1562,2
301,0,dma-replay,0,0.002625,2.156,29.9533,0.278541,8.83254,42.8173,2
303,1,dma-replay,0,0.003209,2.07521,26.3457,0.27125,8.84129,39.1388,2
304,2,dma-replay,0,0.002625,2.15425,26.9827,0.30625,8.85938,39.9776,2
306,1,dma-replay,0,0.002916,2.60429,27.6541,0.2765,8.80279,40.9401,2
305,0,dma-replay,0,0.002625,1.92617,30.1928,0.272125,8.76721,42.8406,2
307,2,dma-replay,0,0.002916,2.08133,27.1982,0.32375,8.84538,40.1074,2
308,1,dma-replay,0,0.002917,2.01046,28.413,0.277083,9.03933,41.3785,2
309,0,dma-replay,0,0.002625,1.94425,28.2237,0.272416,8.89467,40.9386,2
310,2,dma-replay,0,0.002917,2.06996,27.069,0.321708,8.82554,39.9449,2
312,0,dma-replay,0,0.002625,1.95942,26.7097,0.315,8.80921,39.4613,2
311,1,dma-replay,0,0.002625,2.01221,27.7675,0.274458,8.81883,40.5787,2
313,2,dma-replay,0,0.002917,2.05771,26.5968,0.27825,8.90254,39.5293,2
315,1,dma-replay,0,0.002916,1.96496,26.9841,0.276791,8.78588,40.0193,2
314,0,dma-replay,0,0.002917,1.99617,28.3488,0.271834,8.87454,41.1793,2
316,2,dma-replay,0,0.003209,2.05187,26.2993,0.27825,8.85121,39.1306,2
317,1,dma-replay,0,0.002916,2.02475,26.332,0.275917,8.76079,39.0731,2
318,0,dma-replay,0,0.002917,2.06208,32.3409,0.273583,7.30917,43.5995,2
319,2,dma-replay,0,0.002625,2.17817,26.3961,0.276209,8.82437,39.3292,2
320,1,dma-replay,0,0.002625,2.05742,26.6995,0.421167,8.87862,39.7317,2
321,0,dma-replay,0,0.000875,1.73425,28.3057,0.272125,8.53183,39.2834,2
322,2,dma-replay,0,0.002917,2.20763,26.4145,0.278542,8.74708,39.2344,2
323,1,dma-replay,0,0.002916,2.05567,27.4062,0.276208,8.79054,40.1771,2
324,0,dma-replay,0,0.000583,1.7325,27.6713,0.272125,8.76517,38.8666,2
325,2,dma-replay,0,0.003208,2.04488,31.1392,0.276208,8.86463,43.9075,2
326,1,dma-replay,0,0.002625,2.06354,29.5356,0.271542,8.75263,42.2677,2
327,0,dma-replay,0,0.002625,1.93579,30.256,0.271833,8.79521,41.6821,2
328,2,dma-replay,0,0.003209,2.16125,26.6507,0.279125,8.88854,39.5675,2
330,0,dma-replay,0,0.003208,2.08775,27.7005,0.319958,9.33275,40.3894,2
329,1,dma-replay,0,0.002625,2.05158,36.6502,0.274458,8.92208,49.4967,2
331,2,dma-replay,0,0.003792,2.06442,27.5995,0.279708,8.86521,40.4967,2
332,0,dma-replay,0,0.003792,2.08104,28.0688,0.32725,9.44008,41.9565,2
333,1,dma-replay,0,0.003209,2.04925,29.5345,0.275625,3.49737,37.0953,2
334,2,dma-replay,0,0.0035,2.06062,26.385,0.277083,4.00342,34.3534,2
335,0,dma-replay,0,0.001166,1.72812,25.1519,0.061834,2.05829,29.4064,2
336,1,dma-replay,0,0.001167,1.73979,26.6502,0.061834,2.11517,31.0042,2
337,2,dma-replay,0,0.000875,1.80104,25.6687,0.279708,8.85208,37.0364,2
338,0,dma-replay,0,0.000875,1.77479,26.7345,0.277958,8.82087,38.0386,2
339,1,dma-replay,0,0.000583,1.74388,29.1687,0.273875,8.2705,39.914,2
340,2,dma-replay,0,0.002625,2.05625,26.8829,0.277959,8.86142,39.6792,2
341,0,dma-replay,0,0.003208,2.05246,26.691,0.275625,8.87425,39.487,2
342,1,dma-replay,0,0.000584,1.73746,35.5483,0.274167,2.84579,40.8403,2
343,2,dma-replay,0,0.002917,2.05596,26.854,0.279417,8.85412,39.6489,2
344,0,dma-replay,0,0.002625,2.09504,26.4685,0.280583,8.81271,39.2475,2
345,1,dma-replay,0,0.000875,1.74096,27.6307,0.272416,7.92983,38.001,2
346,2,dma-replay,0,0.002625,2.03204,26.53,0.277667,8.88562,39.3129,2
347,0,dma-replay,0,0.002625,2.03554,26.8424,0.275333,8.88038,39.6244,2
348,1,dma-replay,0,0.000583,1.73658,31.0535,0.273292,6.16788,39.6527,2
349,2,dma-replay,0,0.003208,2.03875,26.9818,0.277083,9.03058,39.9621,2
350,0,dma-replay,0,0.002625,2.0335,28.1038,0.272708,8.89525,40.906,2
351,1,dma-replay,0,0.000583,1.73396,26.8441,0.272709,8.82933,38.1092,2
352,2,dma-replay,0,0.002917,2.04079,23.8761,0.06125,3.77533,31.4207,2
353,0,dma-replay,0,0.0035,2.01425,25.9149,0.279417,5.63237,34.9166,2
354,1,dma-replay,0,0.002917,1.90517,25.2939,0.276792,5.51163,33.4262,2
355,2,dma-replay,0,0.002917,2.07929,25.2881,0.277084,8.81154,38.0975,2
356,0,dma-replay,0,0.000583,1.73571,26.511,0.275042,8.89671,38.0053,2
357,1,dma-replay,0,0.000583,3.30458,36.8766,0.062125,2.06471,42.7029,2
358,2,dma-replay,0,0.003208,2.03846,26.3337,0.28,8.90137,39.1422,2
359,0,dma-replay,0,0.002917,1.93287,27.0145,0.272417,8.71471,38.3521,2
360,1,dma-replay,0,0.000583,1.77946,32.5337,0.06125,2.02767,36.8133,2
361,2,dma-replay,0,0.002917,2.03525,26.9943,0.275042,8.81854,39.7145,2
362,0,dma-replay,0,0.002625,1.94192,26.8902,0.274166,8.80017,38.3189,2
363,1,dma-replay,0,0.000584,1.75292,27.4826,0.273875,7.7315,37.66,2
364,2,dma-replay,0,0.002917,2.15775,25.0825,0.276792,8.82525,37.9251,2
365,0,dma-replay,0,0.002625,2.00375,29.9714,0.275916,8.00975,40.6825,2
366,1,dma-replay,0,0.000583,1.73396,35.3526,0.272709,2.27267,40.0534,2
367,2,dma-replay,0,0.002917,2.17233,25.6013,0.275917,8.76487,38.456,2
368,0,dma-replay,0,0.000875,1.73192,27.6252,0.273875,8.365,38.4151,2
369,1,dma-replay,0,0.000583,1.75146,35.7645,0.061834,2.01658,39.9825,2
370,2,dma-replay,0,0.002916,2.03992,26.4938,0.27825,8.85792,39.2575,2
371,0,dma-replay,0,0.000584,1.73513,29.0246,0.272125,7.80267,39.2446,2
372,1,dma-replay,0,0.000583,1.76254,35.0201,0.061834,2.00637,39.2443,2
373,2,dma-replay,0,0.002625,2.05917,25.6232,0.276208,8.81038,38.3801,2
374,0,dma-replay,0,0.000583,1.73775,27.673,0.275334,7.92925,38.024,2
375,1,dma-replay,0,0.000875,1.75554,28.9001,0.272417,4.396,35.7513,2
376,2,dma-replay,0,0.002625,2.17554,25.3362,0.276792,4.67717,34.1028,2
377,0,dma-replay,0,0.000583,1.72521,25.2715,0.185209,5.88292,33.462,2
378,1,dma-replay,0,0.000875,1.73629,28.5892,0.182,3.18967,34.1025,2
379,2,dma-replay,0,0.000583,1.81038,26.46,0.288167,5.34421,34.9866,2
380,0,dma-replay,0,0.002042,1.83429,25.5159,0.181708,5.83012,33.7662,2
381,1,dma-replay,0,0.000584,1.83225,25.8498,0.181708,5.19021,33.4556,2
382,2,dma-replay,0,0.00175,1.94338,23.2733,0.061833,2.05158,28.3783,2
383,0,dma-replay,0,0.00175,1.84917,24.022,0.184042,4.18833,30.6588,2
384,1,dma-replay,0,0.000583,1.71762,25.6979,0.182583,2.33917,30.3392,2
385,2,dma-replay,0,0.000875,1.82029,24.3265,0.184333,5.27217,32.6675,2
386,0,dma-replay,0,0.000583,1.72871,24.5309,0.060959,2.04779,28.7508,2
387,1,dma-replay,0,0.000875,1.73687,24.4775,0.061541,2.03029,28.6878,2
388,2,dma-replay,0,0.000584,1.78996,23.2563,0.062417,2.01892,27.5132,2
390,1,dma-replay,0,0.000583,1.73454,24.229,0.180834,3.85321,30.4118,2
389,0,dma-replay,0,0.000875,1.76429,26.4967,0.183458,2.95108,31.8036,2
391,2,dma-replay,0,0.001167,1.92383,23.872,0.185209,5.37454,32.4231,2
393,0,dma-replay,0,0.000875,1.73338,24.1281,0.061833,2.02183,28.3372,2
392,1,dma-replay,0,0.000875,1.73017,25.394,0.061541,2.01367,29.5814,2
394,2,dma-replay,0,0.000875,1.78529,22.8757,0.06125,2.02533,27.1303,2
395,0,dma-replay,0,0.001167,1.74971,23.4214,0.184041,5.91792,31.68,2
396,1,dma-replay,0,0.000583,1.72842,24.5353,0.182875,5.87096,32.7297,2
397,2,dma-replay,0,0.000583,1.78033,25.0512,0.185209,5.91208,33.3244,2
398,0,dma-replay,0,0.002042,1.89437,26.4282,0.277667,3.66421,33.3891,2
399,1,dma-replay,0,0.00175,1.7535,31.064,0.061542,2.01483,35.282,2
400,2,dma-replay,0,0.00175,1.94804,25.9286,0.184041,8.7815,38.4218,2
401,0,dma-replay,0,0.000875,1.73017,26.066,0.2765,8.70654,37.1863,2
402,1,dma-replay,0,0.000584,1.75817,35.9421,0.061833,2.04458,40.1923,2
403,2,dma-replay,0,0.003209,2.03817,30.0177,0.305375,8.84246,42.7963,2
404,0,dma-replay,0,0.000583,1.73367,28.5702,0.274458,8.72871,39.7227,2
405,1,dma-replay,0,0.000583,1.75904,31.9661,0.273,3.65167,38.075,2
406,2,dma-replay,0,0.002916,2.05771,25.286,0.27825,8.85763,38.127,2
407,0,dma-replay,0,0.002625,2.04779,25.8787,0.276208,8.86637,38.5283,2
408,1,dma-replay,0,0.000583,1.73571,37.4115,0.062125,2.03379,41.6229,2
409,2,dma-replay,0,0.002916,2.03817,26.1975,0.27825,8.79842,38.9002,2
410,0,dma-replay,0,0.002625,2.01629,25.7585,0.2765,8.86229,37.793,2
411,1,dma-replay,0,0.000583,1.76867,27.466,0.302167,4.69058,34.6523,2
412,2,dma-replay,0,0.002917,2.16329,25.814,0.205916,2.27675,32.0448,2
413,0,dma-replay,0,0.002917,2.06937,25.5383,0.063583,2.02621,31.1669,2
414,1,dma-replay,0,0.000875,3.21417,24.8033,0.062416,2.044,30.5576,2
415,2,dma-replay,0,0.002042,1.84071,24.9947,0.28,8.75408,36.356,2
416,0,dma-replay,0,0.00175,1.80746,25.3152,0.274458,8.95008,36.8034,2
417,1,dma-replay,0,0.000875,1.74737,36.0763,0.062125,2.03408,40.3372,2
418,2,dma-replay,0,0.002917,2.04779,26.6122,0.277375,8.78879,39.3572,2
419,0,dma-replay,0,0.002916,2.04458,26.2363,0.275625,8.87483,39.0504,2
420,1,dma-replay,0,0.000583,1.77012,35.0452,0.061541,2.01746,39.3207,2
421,2,dma-replay,0,0.002916,2.03729,26.1975,0.277083,8.91596,39.0466,2
422,0,dma-replay,0,0.002625,2.02504,33.525,0.277375,6.51292,43.9501,2
423,1,dma-replay,0,0.000583,1.76721,27.5365,0.274459,6.18829,36.2186,2
424,2,dma-replay,0,0.002625,2.06296,23.7971,0.062417,2.05683,29.5983,2
426,1,dma-replay,0,0.000875,1.73863,25.583,0.279125,2.373,30.4039,2
425,0,dma-replay,0,0.000875,1.72871,26.3381,0.181708,2.03117,30.6705,2
427,2,dma-replay,0,0.000875,1.95825,25.1367,0.309458,4.89008,33.8917,2
428,1,dma-replay,0,0.000583,1.73104,25.2703,0.184334,4.753,32.3473,2
429,0,dma-replay,0,0.000584,1.72521,28.9395,0.182875,2.20938,33.495,2
430,2,dma-replay,0,0.000584,1.93317,23.7889,0.062708,2.02504,28.8689,2
431,1,dma-replay,0,0.000583,1.72696,23.5034,0.06125,4.67454,30.3567,2
432,0,dma-replay,0,0.000875,1.71558,23.3269,0.182291,5.91879,31.5557,2
433,2,dma-replay,0,0.000875,1.76429,30.5926,0.27825,8.85587,41.9183,2
435,0,dma-replay,0,0.001459,1.91508,26.276,0.275625,8.53533,38.1156,2
434,1,dma-replay,0,0.001458,1.92063,35.9392,0.273584,3.04617,42.271,2
436,2,dma-replay,0,0.002625,2.22629,26.1657,0.277958,3.99058,34.2522,2
437,0,dma-replay,0,0.000584,1.72696,25.5343,0.185208,5.67029,33.5294,2
438,1,dma-replay,0,0.000875,1.73162,26.824,0.205917,3.72196,32.8942,2
439,2,dma-replay,0,0.000584,1.83429,23.9905,0.063,2.03146,28.9698,2
441,1,dma-replay,0,0.000583,1.82875,25.1606,0.277666,3.08933,30.781,2
440,0,dma-replay,0,0.000583,1.72346,26.4653,0.277959,2.94904,31.8375,2
442,2,dma-replay,0,0.000584,1.92821,35.9631,0.2765,8.85121,47.4361,2
443,1,dma-replay,0,0.000584,1.75846,27.1603,0.299834,8.52396,38.1637,2
444,0,dma-replay,0,0.000875,3.34804,26.7409,0.272125,8.11213,38.9002,2
445,2,dma-replay,0,0.002917,2.01454,27.921,0.275041,8.73629,40.0435,2
447,0,dma-replay,0,0.00175,1.862,27.8337,0.281167,8.91421,40.0199,2
446,1,dma-replay,0,0.00175,1.89583,28.8543,0.275625,8.83808,40.9795,2
449,0,dma-replay,0,0.003208,2.01833,25.8773,0.278834,8.88067,38.7354,2
450,1,dma-replay,0,0.002917,3.52304,27.5132,0.273875,8.76313,41.6757,2
448,2,dma-replay,0,0.003208,2.1665,37.1916,0.313542,8.88213,50.1492,2
451,0,dma-replay,0,0.002625,2.16942,25.713,0.275041,8.82554,38.6342,2
452,1,dma-replay,0,0.002917,2.11196,26.5743,0.274458,8.87513,39.4613,2
453,2,dma-replay,0,0.002917,1.95329,35.5521,0.275334,2.90121,41.1084,2
454,0,dma-replay,0,0.002916,2.04925,25.8455,0.276792,8.93463,38.6972,2
455,1,dma-replay,0,0.002917,2.05771,26.6948,0.274166,8.78792,39.3989,2
456,2,dma-replay,0,0.000584,1.74008,37.3955,0.062708,2.05596,41.6576,2
457,0,dma-replay,0,0.002917,2.10583,25.1049,0.276792,8.93287,38.0144,2
458,1,dma-replay,0,0.002916,2.06442,27.4814,0.272709,8.73483,40.1654,2
459,2,dma-replay,0,0.000875,1.78092,27.1863,0.273875,5.54662,35.2138,2
460,0,dma-replay,0,0.002917,2.05071,25.713,0.275333,8.79142,38.4239,2
462,2,dma-replay,0,0.000875,1.76079,27.1775,0.276208,7.8995,37.5358,2
461,1,dma-replay,0,0.002625,2.04079,37.6766,0.3115,2.09417,43.3236,2
463,0,dma-replay,0,0.002917,2.15104,25.263,0.307125,8.88475,38.1943,2
464,2,dma-replay,0,0.000584,1.73687,27.12,0.270666,8.72375,38.2614,2
465,1,dma-replay,0,0.000875,1.79667,36.9641,0.061542,2.04604,41.2542,2
466,0,dma-replay,0,0.002917,2.04663,24.978,0.2765,9.52117,38.5012,2
467,2,dma-replay,0,0.000875,1.73483,27.0296,0.276209,8.89554,38.3451,2
468,1,dma-replay,0,0.000583,1.78033,32.0448,0.061834,2.03671,36.3064,2
469,0,dma-replay,0,0.002916,2.21608,26.1094,0.279125,8.91246,39.1046,2
470,2,dma-replay,0,0.000875,1.73775,27.8168,0.278834,8.85442,39.0994,2
471,1,dma-replay,0,0.000583,1.76517,28.3722,0.273875,6.35862,37.1942,2
472,0,dma-replay,0,0.002917,2.16971,23.3966,0.062125,2.04867,29.234,2
473,2,dma-replay,0,0.000875,1.73046,24.8477,0.276791,3.42563,30.7023,2
474,1,dma-replay,0,0.000875,1.74096,25.3056,0.273,2.46429,30.21,2
475,0,dma-replay,0,0.000583,1.88883,25.6197,0.276209,6.92621,36.0485,2
476,2,dma-replay,0,0.001167,1.729,25.3651,0.182875,5.99375,33.6718,2
477,1,dma-replay,0,0.000583,1.73658,26.497,0.182291,5.6875,34.5117,2
478,0,dma-replay,0,0.00175,2.04283,23.4337,0.062125,2.04517,28.6323,2
479,2,dma-replay,0,0.00175,1.85938,24.7403,0.305959,4.30996,31.6382,2
480,1,dma-replay,0,0.000875,1.83779,27.4671,0.062125,2.02417,31.7911,2
481,0,dma-replay,0,0.000875,1.77683,25.3021,0.184625,5.77325,33.441,2
482,2,dma-replay,0,0.000875,1.7465,26.5067,0.184042,3.21242,32.0547,2
483,1,dma-replay,0,0.000875,1.83692,26.0073,0.182583,2.65563,31.103,2
484,0,dma-replay,0,0.002042,1.92442,23.753,0.18375,5.42996,32.3703,2
485,2,dma-replay,0,0.000583,1.73162,24.3772,0.061542,2.04079,28.595,2
486,1,dma-replay,0,0.000875,1.74329,24.4504,0.061541,2.009,28.6565,2
487,0,dma-replay,0,0.000875,1.87658,22.7955,0.062125,2.03117,27.1618,2
489,1,dma-replay,0,0.000583,1.72433,24.698,0.183458,3.32646,30.3395,2
488,2,dma-replay,0,0.000875,1.76517,26.3343,0.183166,2.47567,31.1593,2
490,0,dma-replay,0,0.000875,1.80075,22.7599,0.063,2.05654,27.7503,2
492,2,dma-replay,0,0.000875,1.83546,24.7196,0.277958,3.49213,30.7463,2
491,1,dma-replay,0,0.000583,1.73687,27.2495,0.2765,2.01221,31.6651,2
493,0,dma-replay,0,0.000875,1.76808,28.2978,0.061541,2.04925,32.5698,2
494,2,dma-replay,0,0.000583,1.75554,24.7132,0.184916,2.59788,29.6532,2
495,1,dma-replay,0,0.000584,1.83108,25.1393,0.146708,2.03437,29.54,2
496,0,dma-replay,0,0.000583,1.93579,23.4497,0.184917,6.08679,32.7489,2
497,2,dma-replay,0,0.000583,1.73483,25.118,0.186667,4.65179,32.0979,2
498,1,dma-replay,0,0.000584,1.73483,28.3978,0.184333,2.26683,32.9922,2
499,0,dma-replay,0,0.003208,2.13996,25.6635,0.253458,10.5073,39.9718,2
500,2,dma-replay,0,0.001458,1.75962,26.367,0.275625,8.81854,37.7061,2
501,1,dma-replay,0,0.002042,1.76196,29.1649,0.338625,7.57342,39.37,2
502,0,dma-replay,0,0.003208,2.27558,26.01,0.277083,8.86812,39.5202,2
503,2,dma-replay,0,0.002916,2.07608,27.2303,0.27825,8.82379,38.8611,2
504,1,dma-replay,0,0.000875,1.74212,27.8597,0.27125,8.38104,38.7269,2
505,0,dma-replay,0,0.002625,2.04283,25.3814,0.322291,8.8655,38.2244,2
506,2,dma-replay,0,0.003208,2.06442,27.1069,0.271833,8.88475,39.0515,2
507,1,dma-replay,0,0.000583,1.73804,27.195,0.273291,8.56363,38.2171,2
508,0,dma-replay,0,0.002916,2.04692,23.2193,0.062417,2.03904,28.9768,2
509,2,dma-replay,0,0.002916,1.93988,24.1004,0.275334,6.00571,32.7512,2
510,1,dma-replay,0,0.000583,1.84246,25.3977,0.270959,3.808,31.7584,2
511,0,dma-replay,0,0.001167,1.76575,23.6661,0.276791,6.80312,32.9344,2
512,2,dma-replay,0,0.000875,1.74679,25.7133,0.184334,3.70446,31.7648,2
513,1,dma-replay,0,0.000875,1.84742,28.161,0.061834,2.02154,32.4873,2
514,0,dma-replay,0,0.000875,1.91917,24.4175,0.277083,7.15313,34.8612,2
515,2,dma-replay,0,0.000875,1.73104,25.5722,0.184625,5.90275,33.7989,2
516,1,dma-replay,0,0.000584,1.84917,29.507,0.180542,2.83383,34.7894,2
517,0,dma-replay,0,0.00175,1.93433,26.966,0.2765,8.93404,39.207,2
518,2,dma-replay,0,0.00175,1.85208,26.4763,0.277083,8.82496,37.8473,2
519,1,dma-replay,0,0.000584,1.76196,27.0836,0.272709,7.91233,37.469,2
520,0,dma-replay,0,0.002917,2.1805,24.4627,0.18375,8.21042,36.6762,2
521,2,dma-replay,0,0.002916,1.96408,26.6335,0.277083,8.70946,38.0117,2
522,1,dma-replay,0,0.000875,1.77333,26.2439,0.273,7.71575,36.4373,2
523,0,dma-replay,0,0.002333,2.03408,23.6364,0.061541,2.04371,29.3262,2
524,2,dma-replay,0,0.000583,1.72463,24.4318,0.275042,5.16017,32.0154,2
525,1,dma-replay,0,0.000875,1.73863,26.5513,0.273875,3.23517,32.2216,2
526,0,dma-replay,0,0.000584,1.76662,24.5887,0.184334,5.83742,32.7828,2
527,2,dma-replay,0,0.000875,1.74796,25.8335,0.183166,3.556,31.7342,2
528,1,dma-replay,0,0.000583,1.85062,29.0865,0.061834,2.03029,33.4241,2
529,0,dma-replay,0,0.002041,1.92704,24.1188,0.182,7.31267,34.6211,2
531,1,dma-replay,0,0.000583,1.76575,26.8815,0.276792,3.64875,33.0108,2
530,2,dma-replay,0,0.000875,1.74067,35.4489,0.062417,2.06763,39.7025,2
532,0,dma-replay,0,0.002917,2.04079,25.7906,0.275916,8.81008,38.5254,2
533,1,dma-replay,0,0.000584,1.76137,35.786,0.062125,2.04954,40.0447,2
534,2,dma-replay,0,0.000875,1.76487,32.627,0.061833,2.04721,36.8973,2
535,0,dma-replay,0,0.002917,2.04342,26.231,0.310625,7.83592,38.1185,2
536,1,dma-replay,0,0.000583,1.76692,28.6449,0.276208,4.59492,35.7108,2
537,2,dma-replay,0,0.000583,1.75962,28.0295,0.273584,4.07342,34.5643,2
538,0,dma-replay,0,0.003208,2.05713,24.1045,0.062125,2.05713,29.8597,2
539,1,dma-replay,0,0.000875,1.72958,25.1446,0.277958,2.97938,30.5693,2
540,2,dma-replay,0,0.001167,1.73308,25.4955,0.27475,2.632,30.5597,2
541,0,dma-replay,0,0.000875,1.84275,24.1045,0.275916,7.28467,35.1403,2
543,2,dma-replay,0,0.000875,1.73308,25.9432,0.184334,5.48712,33.7557,2
542,1,dma-replay,0,0.000584,1.73221,28.0015,0.181709,4.24346,34.5689,2
544,0,dma-replay,0,0.002334,1.92471,23.3024,0.06125,2.05304,28.4328,2
545,2,dma-replay,0,0.000584,1.729,24.3075,0.276792,4.26242,30.9986,2
546,1,dma-replay,0,0.000583,1.83167,27.4245,0.061833,2.05683,31.7712,2
547,0,dma-replay,0,0.000584,1.771,24.6724,0.181708,6.07396,33.1042,2
548,2,dma-replay,0,0.000583,1.75583,27.5132,0.277667,2.57046,32.5433,2
549,1,dma-replay,0,0.000583,1.73833,29.8716,0.062416,2.03117,34.0865,2
550,0,dma-replay,0,0.002625,2.05975,25.8303,0.275625,8.953,38.7205,2
551,2,dma-replay,0,0.000584,1.76721,28.1779,0.275625,6.53304,37.1659,2
552,1,dma-replay,0,0.000875,1.76575,28.0892,0.274458,4.32454,34.8795,2
553,0,dma-replay,0,0.002625,2.04633,24.2553,0.277958,5.39408,33.6283,2
554,2,dma-replay,0,0.000875,1.72754,25.506,0.182584,5.05837,32.8778,2
555,1,dma-replay,0,0.000583,1.85529,26.742,0.183458,3.70125,32.8854,2
556,0,dma-replay,0,0.000583,1.83021,23.6609,0.060959,2.02738,28.6355,2
557,2,dma-replay,0,0.000583,1.73104,25.1466,0.183459,3.35475,30.8172,2
558,1,dma-replay,0,0.000875,1.73629,25.8516,0.183458,2.45175,30.6335,2
559,0,dma-replay,0,0.000875,1.77042,23.0711,0.184333,5.88408,31.3174,2
560,2,dma-replay,0,0.000584,1.75992,24.4877,0.278541,4.90787,31.8628,2
561,1,dma-replay,0,0.000875,1.83925,26.1736,0.275917,3.16662,31.8865,2
562,0,dma-replay,0,0.002042,1.88563,23.9773,0.18375,5.90946,32.3724,2
563,2,dma-replay,0,0.000583,1.75846,24.0529,0.062125,2.04429,28.3068,2
564,1,dma-replay,0,0.000875,1.84333,27.7883,0.062125,2.03496,32.123,2
565,0,dma-replay,0,0.000875,1.76604,23.2805,0.184041,5.86833,31.5093,2
566,2,dma-replay,0,0.000583,1.73687,26.4005,0.314709,5.61429,34.4794,2
567,1,dma-replay,0,0.000875,1.76225,33.4577,0.062125,2.05304,37.7224,2
568,0,dma-replay,0,0.00175,2.01162,25.7352,0.27475,8.86142,38.4918,2
570,1,dma-replay,0,0.000875,1.82146,27.0687,0.062125,2.01863,32.5751,2
569,2,dma-replay,0,0.000584,1.77654,37.1093,0.061833,2.03292,41.37,2
571,0,dma-replay,0,0.002625,2.06704,24.5443,0.184333,6.27871,34.7022,2
572,1,dma-replay,0,0.000584,1.77246,26.8628,0.2765,3.65137,32.9989,2
573,2,dma-replay,0,0.000875,1.7535,28.8269,0.062417,2.05975,33.0905,2
574,0,dma-replay,0,0.002917,2.04225,25.0644,0.2765,4.55029,33.7228,2
575,1,dma-replay,0,0.000584,1.72433,24.9153,0.187833,5.10329,32.3438,2
576,2,dma-replay,0,0.001166,1.84596,26.4909,0.183167,3.19258,32.1332,2
577,0,dma-replay,0,0.000875,1.80163,22.7993,0.062125,2.03175,27.7597,2
578,1,dma-replay,0,0.000584,1.72287,25.2315,0.277666,3.33462,30.9905,2
579,2,dma-replay,0,0.000875,1.73162,25.053,0.303334,2.62879,30.2219,2
580,0,dma-replay,0,0.000875,1.76079,24.2865,0.183458,5.84821,32.4952,2
581,1,dma-replay,0,0.000583,1.76838,24.3326,0.061542,2.02212,28.5734,2
582,2,dma-replay,0,0.000875,1.84013,24.9174,0.061833,2.07638,29.288,2
583,0,dma-replay,0,0.000875,1.86783,22.9667,0.069125,2.01046,27.3093,2
584,1,dma-replay,0,0.000875,1.72754,27.316,0.184917,5.95175,35.5924,2
585,2,dma-replay,0,0.000875,1.74883,26.9695,0.209708,8.91392,38.74,2
586,0,dma-replay,0,0.000875,1.86025,25.5004,0.063,2.04254,29.9133,2
587,1,dma-replay,0,0.002916,1.97575,25.8784,0.313541,8.81679,38.1465,2
588,2,dma-replay,0,0.003208,1.9285,36.1148,0.292542,4.71421,44.3392,2
589,0,dma-replay,0,0.001166,1.77363,30.109,0.276208,3.00154,35.6169,2
590,1,dma-replay,0,0.0035,2.212,23.4494,0.062125,2.05275,29.4461,2
591,2,dma-replay,0,0.000875,1.73804,24.8465,0.273875,3.01758,30.3281,2
592,0,dma-replay,0,0.000875,1.75146,26.5367,0.061542,2.03,30.7869,2
593,1,dma-replay,0,0.000583,1.91042,25.5124,0.183458,5.57229,33.6052,2
594,2,dma-replay,0,0.000875,1.75204,24.2334,0.062417,2.03992,28.4833,2
595,0,dma-replay,0,0.000875,1.73775,26.9162,0.06125,2.0405,31.1655,2
596,1,dma-replay,0,0.000583,1.7885,25.1067,0.18375,7.57838,35.0986,2
598,0,dma-replay,0,0.000583,1.73542,26.1975,0.275917,6.61354,35.2575,2
597,2,dma-replay,0,0.000875,1.77567,36.0156,0.061833,2.01658,40.2558,2
599,1,dma-replay,0,0.002625,2.05217,26.1657,0.277959,4.92946,35.0303,2
601,2,dma-replay,0,0.000875,1.736,25.9064,0.188417,4.94696,33.1835,2
600,0,dma-replay,0,0.000583,1.72375,27.582,0.183167,4.81687,34.7098,2
602,1,dma-replay,0,0.002042,2.04196,24.8133,0.185792,8.08762,36.2244,2
604,0,dma-replay,0,0.000875,3.30458,27.3659,0.275334,5.82867,37.2053,2
603,2,dma-replay,0,0.000875,1.73863,30.4264,0.274458,4.73608,37.5941,2
605,1,dma-replay,0,0.002625,2.0335,25.744,0.278833,4.59054,34.2682,2
606,0,dma-replay,0,0.000583,1.73075,25.314,0.184625,5.49383,33.1298,2
607,2,dma-replay,0,0.000875,1.74883,26.1088,0.182584,4.76,33.2025,2
608,1,dma-replay,0,0.00175,1.92646,24.0138,0.061542,2.02592,29.1261,2
609,0,dma-replay,0,0.000584,1.72521,24.3294,0.18375,3.3355,29.9918,2
610,2,dma-replay,0,0.000875,1.74154,24.7307,0.183458,2.79796,29.8585,2
611,1,dma-replay,0,0.000584,1.82292,23.1227,0.062125,2.02883,28.0954,2
612,0,dma-replay,0,0.000875,1.72346,24.5898,0.277667,3.10129,30.1134,2
613,2,dma-replay,0,0.000875,1.74154,24.9325,0.275333,2.6215,29.9921,2
614,1,dma-replay,0,0.000875,1.78792,24.1281,0.183458,5.97275,32.4785,2
615,0,dma-replay,0,0.000875,1.75321,24.7476,0.061833,2.01192,28.9724,2
616,2,dma-replay,0,0.000875,1.72988,24.8637,0.061542,2.02592,29.064,2
617,1,dma-replay,0,0.002042,1.83079,23.1872,0.062125,2.02067,27.4852,2
618,0,dma-replay,0,0.000584,1.72637,23.4007,0.1855,3.93721,29.6508,2
619,2,dma-replay,0,0.000584,1.72346,24.2101,0.182292,3.30283,29.8215,2
620,1,dma-replay,0,0.000584,1.78062,24.1348,0.184916,5.86775,32.3671,2
622,2,dma-replay,0,0.000875,1.7255,24.3889,0.061833,2.01921,28.5854,2
621,0,dma-replay,0,0.000584,1.72258,25.8892,0.061541,2.01162,30.0647,2
623,1,dma-replay,0,0.000583,1.77217,23.3488,0.061833,2.01571,27.5829,2
624,2,dma-replay,0,0.000584,1.74854,24.0955,0.184334,4.31725,30.758,2
625,0,dma-replay,0,0.000875,1.729,24.3087,0.18375,3.48308,30.1134,2
626,1,dma-replay,0,0.000583,1.76517,24.1238,0.1855,5.66913,32.1452,2
627,2,dma-replay,0,0.000584,1.72958,24.2582,0.061541,2.03496,28.4626,2
628,0,dma-replay,0,0.000875,1.72404,24.2678,0.061541,2.02913,28.4719,2
629,1,dma-replay,0,0.000583,1.78179,23.457,0.061833,2.05683,27.741,2
630,2,dma-replay,0,0.000583,1.73367,24.6053,0.24325,3.72225,30.7061,2
631,0,dma-replay,0,0.000875,1.7325,24.6467,0.184333,3.42475,30.3992,2
632,1,dma-replay,0,0.000584,1.80542,23.086,0.061542,2.03904,28.0426,2
633,2,dma-replay,0,0.000583,1.73367,23.8347,0.182583,3.80392,29.9498,2
634,0,dma-replay,0,0.000583,1.722,25.5246,0.184042,2.6285,30.4623,2
635,1,dma-replay,0,0.000875,1.88883,23.6918,0.183458,5.90042,32.0673,2
636,2,dma-replay,0,0.000583,1.75438,24.558,0.275625,4.91808,31.9357,2
637,0,dma-replay,0,0.000875,1.70829,27.8168,0.244709,2.02417,32.1825,2
638,1,dma-replay,0,0.002334,1.87833,26.4655,0.184334,4.77283,33.7073,2
639,2,dma-replay,0,0.000584,1.75175,24.6447,0.062709,2.02562,28.8808,2
640,0,dma-replay,0,0.000875,1.76954,27.923,0.06125,2.03408,32.1793,2
641,1,dma-replay,0,0.000584,1.79987,25.3234,0.183459,7.84292,35.5644,2
642,2,dma-replay,0,0.000875,1.76196,25.4631,0.2765,8.82554,36.7395,2
643,0,dma-replay,0,0.000583,1.75263,26.3646,0.275917,6.06521,34.883,2
644,1,dma-replay,0,0.002625,2.10408,26.4781,0.275042,8.88096,39.3461,2
645,2,dma-replay,0,0.002625,1.96321,27.125,0.273292,8.91829,38.6925,2
646,0,dma-replay,0,0.000583,1.73221,27.389,0.272709,8.77246,38.5887,2
647,1,dma-replay,0,0.002625,2.03642,26.4617,0.277667,8.77275,39.1332,2
648,2,dma-replay,0,0.002625,2.03058,27.0999,0.303916,8.93608,38.7885,2
649,0,dma-replay,0,0.000875,1.73513,27.9195,0.273584,8.76779,39.1178,2
652,0,dma-replay,0,0.002917,1.806,26.8263,0.276208,8.876,38.2037,2
650,1,dma-replay,0,0.002917,2.156,35.8715,0.273584,8.90079,48.7836,2
651,2,dma-replay,0,0.002625,2.06267,36.7795,0.273875,8.8445,48.7299,2
653,0,dma-replay,0,0.002625,2.12392,26.4515,0.276792,8.84217,39.2852,2
654,1,dma-replay,0,0.003208,1.97925,27.4216,0.276209,8.70712,40.0065,2
655,2,dma-replay,0,0.002916,2.04721,26.5904,0.273583,8.8935,39.3986,2
656,0,dma-replay,0,0.002917,2.15921,25.8475,0.277375,9.04458,38.9672,2
657,1,dma-replay,0,0.002917,2.06675,26.6449,0.274458,8.78354,39.3989,2
658,2,dma-replay,0,0.003208,1.94717,37.3217,0.275917,2.07608,42.042,2
659,0,dma-replay,0,0.002917,2.03817,25.7186,0.275916,8.81008,38.4854,2
660,1,dma-replay,0,0.002917,2.05362,27.6847,0.272708,8.85675,40.4935,2
661,2,dma-replay,0,0.000875,1.74183,27.5882,0.272417,7.16012,37.1834,2
662,0,dma-replay,0,0.002916,2.16387,25.9411,0.278541,8.87717,38.8471,2
663,1,dma-replay,0,0.002625,2.0615,27.235,0.27475,8.7535,39.9312,2
664,2,dma-replay,0,0.000875,1.73658,28.5288,0.274458,7.80967,38.7692,2
665,0,dma-replay,0,0.003208,2.17525,28.1348,0.277084,8.84479,41.0118,2
666,1,dma-replay,0,0.002625,2.09708,26.5872,0.274167,8.73717,39.305,2
667,2,dma-replay,0,0.000583,1.73542,26.9033,0.272709,8.82817,38.1538,2
668,0,dma-replay,0,0.002917,2.03408,25.9225,0.275917,8.83342,38.6476,2
669,1,dma-replay,0,0.002625,2.05946,26.9488,0.272709,8.83867,39.7413,2
670,2,dma-replay,0,0.002916,2.04429,26.5653,0.272416,8.89438,38.7071,2
671,0,dma-replay,0,0.002917,2.03554,26.0021,0.063292,9.04312,38.7368,2
673,2,dma-replay,0,0.002916,2.10058,26.1619,0.27825,3.83892,34.0629,2
672,1,dma-replay,0,0.002625,2.00287,30.8834,0.062125,2.016,36.5251,2
674,0,dma-replay,0,0.004375,2.15133,24.3629,0.277084,10.6146,37.8983,2
675,2,dma-replay,0,0.001458,1.84596,25.5135,0.275042,8.771,36.864,2
676,1,dma-replay,0,0.000875,1.70071,27.4677,0.40425,12.6391,42.6819,2
678,2,dma-replay,0,0.002917,1.96379,27.8819,0.271541,8.86871,40.6248,2
677,0,dma-replay,0,0.003208,2.22892,30.7204,0.275625,8.79871,44.4701,2
679,1,dma-replay,0,0.002916,2.21813,27.5984,0.272417,8.78121,41.176,2
680,2,dma-replay,0,0.003209,2.17233,25.8595,0.277958,8.76633,38.7319,2
681,0,dma-replay,0,0.002917,2.04808,28.1467,0.277083,8.96321,41.0754,2
682,1,dma-replay,0,0.002917,1.96058,26.3045,0.270959,8.85996,37.8429,2
683,2,dma-replay,0,0.002625,2.15775,25.9426,0.275916,8.82992,38.7966,2
685,1,dma-replay,0,0.003208,2.09504,25.8242,0.2765,8.76867,38.6508,2
684,0,dma-replay,0,0.002917,2.01425,28.2275,0.272708,8.84187,41.0235,2
686,2,dma-replay,0,0.002916,2.03788,23.5789,0.061542,2.02796,29.2512,2
688,0,dma-replay,0,0.002917,1.88417,23.462,0.280584,8.81271,34.8752,2
687,1,dma-replay,0,0.002625,2.02067,24.2888,0.275917,8.81796,36.4507,2
689,2,dma-replay,0,0.000584,1.76254,27.8973,0.2765,7.98904,38.3346,2
690,0,dma-replay,0,0.002625,2.13967,27.2166,0.275916,6.28025,37.5781,2
691,1,dma-replay,0,0.002916,2.09212,27.9341,0.273875,5.63129,37.6166,2
692,2,dma-replay,0,0.000583,1.90633,24.8594,0.184333,4.93742,32.3084,2
694,1,dma-replay,0,0.001167,1.8095,27.3756,0.06125,2.05654,31.8784,2
693,0,dma-replay,0,0.001167,1.81271,29.389,0.061833,2.00842,33.853,2
695,2,dma-replay,0,0.002917,2.19479,26.1885,0.277375,6.81917,37.0869,2
696,1,dma-replay,0,0.000875,1.74854,26.8718,0.181708,5.03825,34.263,2
697,0,dma-replay,0,0.000875,1.83575,26.5866,0.181417,4.04454,33.0744,2
698,2,dma-replay,0,0.002042,1.95037,23.9143,0.062708,2.05129,29.0465,2
699,1,dma-replay,0,0.000583,1.7255,24.2649,0.183458,3.43933,30.0315,2
700,0,dma-replay,0,0.000875,1.84858,26.0835,0.06125,2.02387,30.4141,2
701,2,dma-replay,0,0.001167,1.80979,24.4128,0.184334,4.95017,32.4342,2
702,1,dma-replay,0,0.000584,1.72812,24.2862,0.061833,2.03788,28.5017,2
703,0,dma-replay,0,0.000875,1.73804,26.5828,0.06125,2.02738,30.8055,2
704,2,dma-replay,0,0.000875,1.77596,24.3667,0.18375,6.6745,33.4128,2
705,1,dma-replay,0,0.000875,1.77946,24.9938,0.2765,8.71733,36.1792,2
706,0,dma-replay,0,0.000875,1.73279,25.6672,0.275334,5.73067,33.8365,2
707,2,dma-replay,0,0.002625,2.03963,24.7287,0.062708,2.05538,30.443,2
708,1,dma-replay,0,0.000583,1.72317,24.7115,0.275917,4.26679,31.3953,2
709,0,dma-replay,0,0.000583,1.73542,24.9101,0.275333,3.42125,30.7726,2
710,2,dma-replay,0,0.000583,1.86579,24.0389,0.061833,1.99675,29.5566,2
712,0,dma-replay,0,0.000875,1.71967,24.9638,0.282333,2.85483,30.2426,2
711,1,dma-replay,0,0.000583,1.72346,25.305,0.279709,2.82975,30.5532,2
713,2,dma-replay,0,0.000875,1.84217,25.3088,0.185791,8.46213,37.3753,2
714,0,dma-replay,0,0.000875,1.73279,26.8115,0.276208,6.72175,35.964,2
715,1,dma-replay,0,0.000583,3.33842,26.6455,0.305958,5.56733,36.2819,2
716,2,dma-replay,0,0.002625,2.08367,24.0301,0.062417,2.04575,29.7806,2
717,0,dma-replay,0,0.000583,1.72433,24.607,0.27825,3.95558,30.9855,2
718,1,dma-replay,0,0.000584,1.83458,24.9028,0.275334,3.36729,30.8012,2
719,2,dma-replay,0,0.000584,1.77158,24.1663,0.184917,5.85054,32.9426,2
720,0,dma-replay,0,0.000583,1.72404,25.3843,0.061833,2.03262,29.587,2
721,1,dma-replay,0,0.000583,1.72287,27.1711,0.061542,2.0265,31.3609,2
722,2,dma-replay,0,0.000875,1.77946,24.6794,0.274458,8.79404,35.9397,2
723,0,dma-replay,0,0.000584,1.75117,26.9223,0.274458,8.49858,37.8723,2
724,1,dma-replay,0,0.000875,1.74154,32.7189,0.273583,2.53721,37.6935,2
725,2,dma-replay,0,0.002917,2.17029,25.3193,0.185792,8.82437,38.0759,2
726,0,dma-replay,0,0.000875,1.75292,25.9079,0.303917,8.85821,37.24,2
727,1,dma-replay,0,0.000875,1.75671,31.2468,0.272708,4.44617,38.1474,2
728,2,dma-replay,0,0.002916,2.037,25.9478,0.276792,8.76371,38.6674,2
729,0,dma-replay,0,0.003208,1.9425,26.917,0.275917,8.79783,38.3466,2
730,1,dma-replay,0,0.000584,1.7325,29.2399,0.273875,6.17575,37.8382,2
731,2,dma-replay,0,0.002917,2.04692,26.6822,0.275333,8.82612,39.4196,2
732,0,dma-replay,0,0.002916,2.00813,26.7785,0.2765,8.86608,38.3504,2
733,1,dma-replay,0,0.000584,1.73542,34.5377,0.273875,3.68696,40.6548,2
734,2,dma-replay,0,0.003208,2.02825,25.746,0.274166,8.82233,38.4592,2
735,0,dma-replay,0,0.002625,2.02767,26.3162,0.275917,9.037,38.5391,2
736,1,dma-replay,0,0.000583,1.76633,36.9154,0.061542,2.04808,41.1664,2
737,2,dma-replay,0,0.002917,2.16708,25.9551,0.2765,8.88708,38.9185,2
738,0,dma-replay,0,0.002916,2.05771,25.9443,0.275625,8.83575,38.4565,2
739,1,dma-replay,0,0.000875,1.75554,32.9928,0.06125,2.01804,37.214,2
740,2,dma-replay,0,0.002625,2.17963,25.7139,0.279417,8.77275,38.5869,2
741,0,dma-replay,0,0.002625,2.04896,26.0129,0.275334,8.82204,38.0908,2
742,1,dma-replay,0,0.000584,1.75,27.7474,0.274166,6.67713,36.8713,2
743,2,dma-replay,0,0.002917,2.037,26.6507,0.277084,8.80279,39.3508,2
745,1,dma-replay,0,0.000583,1.73308,27.8052,0.275333,8.76662,38.9985,2
744,0,dma-replay,0,0.002625,2.02942,33.9378,0.27475,6.39771,44.221,2
746,2,dma-replay,0,0.002625,2.17933,23.6708,0.062125,2.02242,29.4823,2
747,1,dma-replay,0,0.002625,1.85354,24.6479,0.276792,3.59683,30.7892,2
748,0,dma-replay,0,0.000583,1.75583,26.3932,0.062125,2.04225,30.6378,2
749,2,dma-replay,0,0.000584,1.88037,24.7739,0.277375,6.68558,34.0349,2
750,1,dma-replay,0,0.000875,1.75525,25.713,0.184917,4.85917,32.9204,2
751,0,dma-replay,0,0.000584,1.73687,29.6943,0.061833,2.02242,33.9092,2
752,2,dma-replay,0,0.002042,2.0615,31.1943,0.279125,8.82087,43.4467,2
754,0,dma-replay,0,0.000584,1.74971,25.9099,0.276792,8.80133,37.1601,2
753,1,dma-replay,0,0.000583,1.73658,36.5377,0.272709,7.87937,46.842,2
755,2,dma-replay,0,0.002625,2.07229,26.4445,0.063583,2.051,32.2009,2
756,0,dma-replay,0,0.002625,2.03758,26.4355,0.184625,5.93337,36.1757,2
757,1,dma-replay,0,0.00175,1.82292,27.1874,0.063875,2.01979,31.5519,2
758,2,dma-replay,0,0.001458,1.81183,24.598,0.183167,7.45238,34.54,2
759,0,dma-replay,0,0.002334,1.90138,26.5679,0.277083,6.36504,35.5685,2
760,1,dma-replay,0,0.001167,1.76896,26.5102,0.275041,4.04833,33.1071,2
761,2,dma-replay,0,0.002625,2.04808,25.2198,0.185209,4.64275,33.7622,2
762,0,dma-replay,0,0.000875,1.74913,25.0521,0.275042,6.18625,33.707,2
763,1,dma-replay,0,0.000583,1.84858,27.9154,0.272416,3.35417,33.829,2
764,2,dma-replay,0,0.002917,2.0615,25.1326,0.277375,4.73375,33.8231,2
765,0,dma-replay,0,0.000875,1.72579,25.1379,0.183458,5.42967,32.8965,2
766,1,dma-replay,0,0.000875,1.84158,28.3019,0.182875,2.73933,33.4967,2
767,2,dma-replay,0,0.000875,1.848,25.6352,0.184042,4.02267,32.7758,2
768,0,dma-replay,0,0.000875,1.72229,25.4727,0.275333,5.42354,33.3387,2
769,1,dma-replay,0,0.000583,1.83721,26.1718,0.298958,3.67588,32.4231,2
770,2,dma-replay,0,0.003209,2.04896,24.5061,0.061541,2.03671,30.2759,2
771,0,dma-replay,0,0.000875,1.72637,24.2541,0.184334,3.59508,30.1668,2
772,1,dma-replay,0,0.000583,1.72696,24.5131,0.180834,3.06862,29.9022,2
773,2,dma-replay,0,0.000875,1.80775,23.7726,0.061833,2.04779,28.7487,2
774,0,dma-replay,0,0.000583,1.7325,23.5028,0.061834,2.02796,27.7118,2
775,1,dma-replay,0,0.000583,1.71821,23.4337,0.061833,2.02708,27.6246,2
776,2,dma-replay,0,0.001167,1.75525,26.2273,0.275917,8.79579,37.4757,2
777,0,dma-replay,0,0.000875,1.86725,32.6063,0.272709,5.17037,40.3416,2
778,1,dma-replay,0,0.000583,1.72521,35.3004,0.273875,3.05054,40.7753,2
779,2,dma-replay,0,0.002625,2.08688,24.5292,0.277666,6.12763,34.6293,2
780,0,dma-replay,0,0.000583,1.75087,26.8351,0.182875,3.85029,33.0339,2
781,1,dma-replay,0,0.000875,1.83983,29.2151,0.061834,2.00375,33.5125,2
782,2,dma-replay,0,0.002042,2.04604,23.7379,0.062416,2.051,28.9546,2
783,0,dma-replay,0,0.000583,1.72958,24.873,0.184333,3.35213,30.5527,2
784,1,dma-replay,0,0.000875,1.72929,24.4816,0.182292,2.91404,29.7226,2
785,2,dma-replay,0,0.000875,1.77188,25.1705,0.185792,4.98225,32.5185,2
787,1,dma-replay,0,0.000583,1.83721,24.7085,0.061541,2.00988,29.0106,2
786,0,dma-replay,0,0.000875,1.75583,25.5272,0.061542,2.02183,29.7608,2
788,2,dma-replay,0,0.000875,1.79987,23.4818,0.072333,2.06179,27.8014,2
789,1,dma-replay,0,0.000583,1.72958,24.1792,0.279416,8.80571,35.4113,2
790,0,dma-replay,0,0.000875,1.72083,23.9027,0.278833,8.82525,35.1598,2
791,2,dma-replay,0,0.000583,1.75233,26.6484,0.279125,8.8865,37.9989,2
793,0,dma-replay,0,0.002917,1.91129,27.3193,0.2835,8.89175,39.5223,2
792,1,dma-replay,0,0.002917,2.13004,27.9557,0.273292,8.78558,40.2456,2
794,2,dma-replay,0,0.002916,2.06471,26.3839,0.062708,2.04517,32.1125,2
795,0,dma-replay,0,0.002625,2.03496,24.9293,0.182291,2.70288,31.3244,2
796,1,dma-replay,0,0.002625,2.07346,27.5543,0.061833,2.04167,32.8014,2
797,2,dma-replay,0,0.00175,1.79754,26.1867,0.184333,7.60171,36.1815,2
799,1,dma-replay,0,0.000875,1.79812,27.2055,0.062125,2.02387,32.158,2
798,0,dma-replay,0,0.000875,1.77887,30.469,0.062125,2.03233,34.7258,2
800,2,dma-replay,0,0.003208,2.10758,24.1701,0.276208,7.74054,35.9447,2
801,1,dma-replay,0,0.000875,1.74971,26.215,0.061542,2.04575,30.4538,2
802,0,dma-replay,0,0.000875,1.73658,26.019,0.06125,2.02183,30.2353,2
803,2,dma-replay,0,0.001458,1.77421,23.5953,0.061834,2.04196,27.8585,2
805,0,dma-replay,0,0.000583,1.72871,24.4145,0.279125,4.32425,31.1733,2
804,1,dma-replay,0,0.000875,1.73192,25.4844,0.275333,3.79808,31.7263,2
806,2,dma-replay,0,0.000583,1.76808,26.1812,0.276208,8.26788,36.9133,2
808,1,dma-replay,0,0.000875,1.73833,27.7521,0.276792,4.06292,34.2557,2
807,0,dma-replay,0,0.000584,1.75788,32.7924,0.062125,2.00404,36.9985,2
809,2,dma-replay,0,0.002917,2.12508,25.2312,0.184042,8.61292,37.795,2
810,1,dma-replay,0,0.000583,1.74913,30.2657,0.275625,4.9665,37.6711,2
811,0,dma-replay,0,0.000583,1.75583,28.798,0.273,4.07108,35.3322,2
812,2,dma-replay,0,0.002917,2.06354,26.6872,0.274458,3.2585,33.8917,2
814,0,dma-replay,0,0.000875,1.73921,25.2297,0.186375,5.257,32.8285,2
813,1,dma-replay,0,0.000584,1.73046,25.6457,0.184917,5.16979,33.1374,2
815,2,dma-replay,0,0.000875,1.78763,25.1388,0.184334,8.08121,36.304,2
817,1,dma-replay,0,0.000584,3.29642,27.1104,0.285833,5.9465,37.0694,2
816,0,dma-replay,0,0.000583,1.73221,32.1933,0.275625,3.332,37.9534,2
818,2,dma-replay,0,0.002625,2.1735,24.7319,0.183458,5.66971,34.3787,2
820,0,dma-replay,0,0.000875,1.848,25.5293,0.275042,5.28238,33.362,2
819,1,dma-replay,0,0.000583,1.73192,27.4975,0.27125,4.41875,34.3426,2
821,2,dma-replay,0,0.002625,2.04312,24.1351,0.062416,2.03204,29.8366,2
823,1,dma-replay,0,0.000583,1.72871,24.778,0.274167,2.88429,30.0912,2
822,0,dma-replay,0,0.000875,1.72492,27.0075,0.06125,2.06208,31.2506,2
824,2,dma-replay,0,0.000875,1.86375,24.8007,0.276208,7.06037,35.6323,2
825,1,dma-replay,0,0.000875,1.73104,25.7203,0.183166,6.07221,34.1069,2
826,0,dma-replay,0,0.000583,1.72258,27.7812,0.181417,4.14546,34.2411,2
827,2,dma-replay,0,0.00175,2.08629,24.232,0.062125,2.02125,29.4855,2
828,1,dma-replay,0,0.000875,1.7255,23.9945,0.184042,4.11425,30.4275,2
829,0,dma-replay,0,0.000583,1.83575,25.8831,0.181708,2.10875,30.4191,2
830,2,dma-replay,0,0.000875,1.77537,26.383,0.277083,4.82621,34.351,2
832,0,dma-replay,0,0.000584,1.72725,27.2131,0.191625,4.15042,33.7143,2
831,1,dma-replay,0,0.000584,1.729,28.506,0.184042,3.96579,34.7923,2
833,2,dma-replay,0,0.000875,1.91217,30.6562,0.277083,8.77771,42.747,2
834,0,dma-replay,0,0.000875,1.73717,25.7358,0.277958,8.85267,37.0504,2
835,1,dma-replay,0,0.000583,3.32646,32.0679,0.274458,6.47617,42.5778,2
837,0,dma-replay,0,0.002917,2.05508,25.4689,0.277958,8.79346,38.2605,2
838,1,dma-replay,0,0.000583,1.73367,26.409,0.275917,8.85121,37.6912,2
836,2,dma-replay,0,0.002625,2.17612,36.3326,0.273875,8.86637,49.3048,2
839,0,dma-replay,0,0.002625,2.02971,26.1357,0.277375,8.84042,38.8637,2
840,1,dma-replay,0,0.002625,2.00404,26.2445,0.276208,8.81008,38.9334,2
841,2,dma-replay,0,0.003208,1.988,25.7743,0.273583,8.81038,38.5201,2
842,0,dma-replay,0,0.002625,2.16154,28.5338,0.290792,7.95783,40.5288,2
844,2,dma-replay,0,0.002917,1.95708,25.8921,0.277667,5.22142,35.0347,2
843,1,dma-replay,0,0.002625,2.02446,29.9833,0.274458,3.00358,36.8833,2
845,0,dma-replay,0,0.00175,1.86112,24.5528,0.275916,8.79754,36.0077,2
846,2,dma-replay,0,0.001459,1.73804,25.7177,0.280875,8.897,37.0974,2
847,1,dma-replay,0,0.000875,1.59163,25.6915,0.309458,8.83896,36.8987,2
849,2,dma-replay,0,0.003209,1.91013,27.4272,0.273583,8.83867,40.1914,2
850,1,dma-replay,0,0.002917,2.06558,29.8113,0.277083,8.75263,42.6023,2
848,0,dma-replay,0,0.003208,2.15454,32.1644,0.277666,8.74358,44.989,2
851,2,dma-replay,0,0.002916,2.17467,24.4204,0.277084,8.855,37.3966,2
852,1,dma-replay,0,0.003208,2.163,25.4861,0.277667,8.73892,38.3979,2
853,0,dma-replay,0,0.0035,3.68433,24.7386,0.273,8.939,39.3003,2
854,2,dma-replay,0,0.002917,2.03846,26.6181,0.277959,8.81942,39.3485,2
855,1,dma-replay,0,0.002917,2.02854,26.4355,0.273,8.87192,39.256,2
856,0,dma-replay,0,0.003791,1.97225,27.1457,0.272125,8.88417,39.8971,2
857,2,dma-replay,0,0.002916,2.09883,26.1453,0.322584,8.85121,39.0095,2
858,1,dma-replay,0,0.002917,2.02154,27.6655,0.279125,8.87046,40.5259,2
859,0,dma-replay,0,0.003208,2.07346,26.2748,0.27475,8.85033,39.093,2
860,2,dma-replay,0,0.002917,2.03817,26.147,0.280583,8.96058,39.0664,2
862,0,dma-replay,0,0.002917,1.94046,25.7877,0.3045,8.70846,38.3727,2
861,1,dma-replay,0,0.002916,1.9915,28.6983,0.272417,6.99375,39.556,2
863,2,dma-replay,0,0.002625,2.16329,23.9141,0.062416,7.16975,34.8607,2
865,1,dma-replay,0,0.001167,1.77363,27.5134,0.308292,8.53388,38.7426,2
864,0,dma-replay,0,0.001167,1.83312,31.3512,0.27475,6.22037,40.2893,2
866,2,dma-replay,0,0.002625,2.16883,23.9858,0.062417,2.06967,29.8395,2
867,1,dma-replay,0,0.000583,1.73046,25.7749,0.275625,3.22058,31.4335,2
868,0,dma-replay,0,0.000875,1.834,27.1125,0.061833,2.03963,31.4478,2
869,2,dma-replay,0,0.000875,1.86229,26.0415,0.276791,4.39308,34.2099,2
871,0,dma-replay,0,0.000584,1.83517,27.4003,0.183458,3.17917,33.017,2
870,1,dma-replay,0,0.000583,1.74883,29.1393,0.180542,2.54042,34.0255,2
872,2,dma-replay,0,0.000875,1.96612,24.8048,0.277375,7.15313,35.2955,2
874,1,dma-replay,0,0.000583,1.83458,25.459,0.184042,5.52417,33.4157,2
873,0,dma-replay,0,0.000583,1.73133,29.3988,0.182292,3.20804,34.9402,2
875,2,dma-replay,0,0.00175,2.03408,24.3028,0.061833,2.03992,29.4922,2
876,1,dma-replay,0,0.000584,1.72754,24.246,0.182875,3.88354,30.4483,2
877,0,dma-replay,0,0.000584,1.83079,24.2693,0.183458,3.03362,29.7261,2
878,2,dma-replay,0,0.000875,1.75992,26.2235,0.184917,4.21138,33.1572,2
880,0,dma-replay,0,0.000584,1.83283,24.0634,0.061542,2.00229,28.3529,2
879,1,dma-replay,0,0.000583,1.72608,26.602,0.06125,2.02767,30.8149,2
881,2,dma-replay,0,0.000875,1.75933,26.945,0.184334,8.55837,37.8554,2
882,0,dma-replay,0,0.000875,1.75554,25.8991,0.276791,8.78442,37.1312,2
883,1,dma-replay,0,0.000875,1.74125,32.8417,0.306542,5.41975,40.742,2
884,2,dma-replay,0,0.002917,2.17467,27.1825,0.279125,8.743,39.9782,2
885,0,dma-replay,0,0.002917,2.0615,27.6879,0.276208,8.85383,40.4638,2
886,1,dma-replay,0,0.000875,1.73717,30.6968,0.273,6.3035,39.4319,2
887,2,dma-replay,0,0.002917,2.16942,26.5332,0.277084,8.85442,39.4275,2
888,0,dma-replay,0,0.002625,2.06821,26.0342,0.275333,8.77392,38.7765,2
889,1,dma-replay,0,0.000875,1.73687,35.0881,0.273292,3.51108,41.0322,2
891,0,dma-replay,0,0.002917,2.107,26.6881,0.277958,8.86492,39.524,2
890,2,dma-replay,0,0.003208,2.16562,32.2487,0.275916,8.82788,45.1106,2
892,1,dma-replay,0,0.000584,1.73483,27.375,0.30275,8.841,38.6867,2
893,0,dma-replay,0,0.002917,2.01717,27.9192,0.277959,8.82263,40.6306,2
894,2,dma-replay,0,0.003208,1.99121,27.7929,0.277667,8.87425,40.5551,2
895,1,dma-replay,0,0.002917,2.05625,28.1068,0.272708,8.86754,40.9582,2
897,2,dma-replay,0,0.002917,1.96846,27.7722,0.291375,8.87017,40.5767,2
896,0,dma-replay,0,0.002625,2.20471,28.602,0.28175,8.83633,41.5161,2
898,1,dma-replay,0,0.002916,2.05392,27.412,0.273,8.76254,40.0975,2
899,2,dma-replay,0,0.002917,2.15367,26.6627,0.312375,8.87542,39.6474,2
900,0,dma-replay,0,0.003208,3.65837,26.2223,0.2765,8.81912,40.5892,2
901,1,dma-replay,0,0.002917,2.06617,26.8097,0.272416,8.81475,39.5596,2
902,2,dma-replay,0,0.002625,2.12771,27.1807,0.280584,8.81592,40.061,2
903,0,dma-replay,0,0.002625,1.96642,26.8876,0.276792,8.77975,39.5299,2
904,1,dma-replay,0,0.002917,2.058,27.7042,0.27475,8.79871,40.6385,2
905,2,dma-replay,0,0.002917,2.02971,26.9296,0.359917,8.84158,39.8192,2
906,0,dma-replay,0,0.003208,1.99238,30.1726,0.272709,8.82583,42.9523,2
907,1,dma-replay,0,0.002625,2.04429,27.37,0.273583,8.78383,40.1065,2
908,2,dma-replay,0,0.002625,2.05508,26.0756,0.281167,8.932,38.9906,2
909,0,dma-replay,0,0.002917,2.03,27.2936,0.301583,8.91188,40.2322,2
910,1,dma-replay,0,0.002917,1.86346,26.9415,0.272417,8.80396,39.4456,2
911,2,dma-replay,0,0.002625,2.03788,26.4148,0.276792,8.83721,39.1446,2
913,1,dma-replay,0,0.002916,1.96525,26.5443,0.279125,8.80279,39.2012,2
912,0,dma-replay,0,0.003209,2.02417,27.8431,0.27475,8.83896,40.6566,2
914,2,dma-replay,0,0.002916,2.16913,26.6656,0.278541,8.86725,39.571,2
916,0,dma-replay,0,0.002625,2.08396,25.37,0.275334,8.80658,38.1529,2
915,1,dma-replay,0,0.002625,2.03758,26.7243,0.273292,8.85121,39.5439,2
917,2,dma-replay,0,0.002916,2.05042,25.9446,0.277666,8.85179,38.708,2
918,0,dma-replay,0,0.002917,2.00958,26.0724,0.2765,8.98625,38.936,2
919,1,dma-replay,0,0.003208,1.97138,26.2185,0.273875,8.87542,39.0218,2
920,2,dma-replay,0,0.002916,2.15979,25.8026,0.278542,8.87162,38.7021,2
921,0,dma-replay,0,0.002917,2.02271,27.2265,0.279125,5.23804,36.388,2
922,1,dma-replay,0,0.002625,2.07958,30.3243,0.062125,2.06996,36.1675,2
923,2,dma-replay,0,0.003791,2.07842,25.5599,0.277666,8.83896,37.2441,2
924,0,dma-replay,0,0.001166,1.88213,25.1484,0.272416,8.87483,36.6645,2
925,1,dma-replay,0,0.001167,1.71325,26.2328,0.271833,8.95592,37.6585,2
926,2,dma-replay,0,0.003208,2.07463,27.1025,0.277959,8.79929,39.8854,2
927,0,dma-replay,0,0.002917,2.05975,25.5308,0.276208,8.83954,38.4285,2
928,1,dma-replay,0,0.002917,1.8585,35.9155,0.275042,8.86725,48.5616,2
929,2,dma-replay,0,0.002917,2.00433,26.6502,0.278542,8.88242,39.4126,2
930,0,dma-replay,0,0.003208,1.96671,27.1232,0.277084,8.78675,39.7746,2
931,1,dma-replay,0,0.002916,2.04458,27.3642,0.273583,8.84042,40.1631,2
932,2,dma-replay,0,0.002917,2.14871,27.5398,0.277958,8.80308,40.4233,2
933,0,dma-replay,0,0.002916,1.946,27.2425,0.277375,8.79258,39.8778,2
934,1,dma-replay,0,0.002625,2.06121,27.456,0.273875,5.57463,36.9941,2
935,2,dma-replay,0,0.002916,2.15862,27.0066,0.277375,8.87221,39.9149,2
936,0,dma-replay,0,0.003791,2.10904,26.4696,0.276208,8.78879,38.7403,2
937,1,dma-replay,0,0.000584,1.73863,28.0175,0.272416,8.69808,39.163,2
938,2,dma-replay,0,0.003208,2.03554,26.3792,0.277667,8.86288,39.1478,2
939,0,dma-replay,0,0.002625,2.05246,25.9274,0.276791,8.855,38.7126,2
940,1,dma-replay,0,0.000583,1.73658,26.553,0.273292,8.81708,37.8093,2
941,2,dma-replay,0,0.002917,2.04079,25.9481,0.277083,8.89904,38.806,2
942,0,dma-replay,0,0.002917,2.04575,27.3645,0.274167,8.82875,40.126,2
943,1,dma-replay,0,0.002916,1.96292,27.9834,0.298667,8.91654,39.5902,2
944,2,dma-replay,0,0.002625,2.05333,29.8247,0.277667,8.79929,42.5329,2
945,0,dma-replay,0,0.002625,2.05275,25.5103,0.272709,8.91829,38.1876,2
946,1,dma-replay,0,0.002917,1.95329,30.5002,0.274167,8.81708,41.9729,2
947,2,dma-replay,0,0.002916,2.00346,27.5266,0.2765,8.79346,40.1911,2
948,0,dma-replay,0,0.002916,1.96058,26.9547,0.27475,8.792,39.6346,2
949,1,dma-replay,0,0.002625,2.03233,29.4933,0.271542,8.76167,42.1557,2
951,0,dma-replay,0,0.002917,2.08162,27.2207,0.279708,8.75875,39.9563,2
950,2,dma-replay,0,0.003208,2.13267,28.5708,0.276208,8.76721,41.3382,2
952,1,dma-replay,0,0.002625,2.06471,31.0188,0.275917,8.78763,43.801,2
953,0,dma-replay,0,0.002625,2.02971,27.323,0.280292,8.76692,40.0079,2
954,2,dma-replay,0,0.002917,2.10933,27.4756,0.307125,8.81125,40.3713,2
955,1,dma-replay,0,0.002625,2.04167,31.2611,0.275917,8.82408,44.0545,2
956,0,dma-replay,0,0.003209,2.13354,26.7493,0.277958,8.95621,39.7857,2
957,2,dma-replay,0,0.002916,2.12246,26.796,0.312959,8.87833,39.7918,2
958,1,dma-replay,0,0.002625,2.06062,26.9477,0.275625,8.82204,39.7664,2
959,0,dma-replay,0,0.002917,2.00229,27.7506,0.281458,8.93404,40.5743,2
960,2,dma-replay,0,0.002917,1.95417,27.3998,0.28,8.862,40.1768,2
961,1,dma-replay,0,0.002917,2.03379,26.754,0.308875,8.8445,39.6028,2
962,0,dma-replay,0,0.002917,2.13092,26.8934,0.282333,8.83313,39.8049,2
963,2,dma-replay,0,0.002917,1.95708,26.985,0.315292,8.89467,39.8376,2
964,1,dma-replay,0,0.0035,2.07433,27.0328,0.307708,8.87833,39.9537,2
965,0,dma-replay,0,0.002625,2.01017,26.2456,0.27825,8.82729,39.0183,2
966,2,dma-replay,0,0.002916,1.9565,26.8966,0.308584,8.8585,39.699,2
967,1,dma-replay,0,0.003208,2.04254,31.547,0.275041,8.84362,44.3707,2
968,0,dma-replay,0,0.002916,2.009,27.0748,0.275917,8.79229,39.767,2
969,2,dma-replay,0,0.003209,2.10933,27.1787,0.30625,8.89788,40.1669,2
970,1,dma-replay,0,0.002917,2.05304,26.663,0.060958,2.05654,31.7511,2
971,0,dma-replay,0,0.002917,2.023,24.5799,0.273291,6.56862,34.428,2
972,2,dma-replay,0,0.002916,1.9635,24.8666,0.276792,5.48683,34.2621,2
973,1,dma-replay,0,0.000584,1.76254,26.236,0.18375,7.19746,35.8018,2
974,0,dma-replay,0,0.000583,1.771,27.7722,0.278542,8.84538,39.758,2
975,2,dma-replay,0,0.002042,1.85471,27.8816,0.273875,8.89671,40.0114,2
976,1,dma-replay,0,0.002334,2.05508,28.1957,0.275333,8.82642,41.0054,2
977,0,dma-replay,0,0.002625,2.15163,27.0095,0.275625,8.8725,39.9222,2
978,2,dma-replay,0,0.002917,2.02329,27.2606,0.273,8.83458,40.007,2
979,1,dma-replay,0,0.002625,2.06179,26.9879,0.276208,8.785,39.8866,2
980,0,dma-replay,0,0.002625,2.04225,26.2351,0.277375,8.83546,38.9961,2
981,2,dma-replay,0,0.002916,2.00229,26.9185,0.275625,8.78733,39.5914,2
982,1,dma-replay,0,0.002625,2.06733,34.0492,0.062125,2.03321,39.7854,2
983,0,dma-replay,0,0.002625,2.05275,26.4294,0.277959,8.96204,39.3826,2
984,2,dma-replay,0,0.002625,2.07083,27.1836,0.276208,8.84887,40.0033,2
985,1,dma-replay,0,0.000875,1.771,28.5063,0.273584,2.75275,33.7438,2
986,0,dma-replay,0,0.002917,2.16008,25.8172,0.278833,8.82263,38.7339,2
987,2,dma-replay,0,0.002916,2.1175,27.2303,0.27475,8.88125,40.1243,2
988,1,dma-replay,0,0.00175,1.74767,34.764,0.273875,2.3905,39.6101,2
989,0,dma-replay,0,0.002625,2.0405,26.2453,0.272417,8.92821,39.0868,2
990,2,dma-replay,0,0.002625,2.086,28.9193,0.27475,8.81504,41.6879,2
991,1,dma-replay,0,0.000583,1.80483,31.5082,0.273584,3.95821,37.9735,2
992,0,dma-replay,0,0.003208,2.04517,30.2076,0.274167,8.78908,42.9176,2
993,2,dma-replay,0,0.003792,2.04633,27.617,0.322,8.81767,39.4756,2
994,1,dma-replay,0,0.000583,1.73542,27.9513,0.273875,8.90021,39.2852,2
995,0,dma-replay,0,0.002916,2.04312,24.3956,0.276791,8.78383,37.1341,2
996,2,dma-replay,0,0.003209,2.05508,25.307,0.274458,8.77421,38.0876,2
997,1,dma-replay,0,0.002917,2.02621,26.6268,0.272708,8.78879,38.2124,2
998,0,dma-replay,0,0.002917,2.05304,23.1904,0.063,2.04721,29.0106,2
999,2,dma-replay,0,0.003209,2.04283,23.5684,0.274459,8.84683,36.3735,2
