image_id,width,height,rga_ms,inference_ms,output_sync_ms,postprocess_ms,e2e_ms,detections
198928,480,640,0.800916,22.2136,0.272708,3.45421,28.3637,2
365886,512,376,0.781958,23.5789,0.270375,3.28242,29.4942,2
45070,640,596,0.98175,23.861,0.271834,3.19696,29.916,1
223182,640,538,0.844958,22.1658,0.271833,3.52654,28.4089,8
120584,480,640,0.912916,23.3963,0.270958,3.34017,29.5155,15
340272,640,360,0.816666,24.5006,0.272417,3.35183,30.5317,9
485027,352,640,0.725084,21.9771,0.062708,0.8855,25.2073,38
422670,640,428,0.821917,24.8043,0.273583,3.30021,30.8794,20
242287,432,640,0.835625,25.0525,0.273292,3.38304,32.0998,16
343934,640,480,0.914084,23.6314,0.27475,3.18354,29.6992,4
453341,640,480,0.79975,23.7108,0.270958,3.28563,29.7351,6
302107,432,640,0.779917,23.4567,0.271542,4.37529,30.5509,14
546219,640,428,0.877334,22.5047,0.273875,3.75433,29.0261,16
389197,640,426,0.78225,22.8477,0.271542,3.37196,28.8846,9
7977,432,640,0.777,23.2549,0.271541,3.24508,29.1932,8
286422,640,426,0.744041,24.0538,0.270666,3.30342,31.204,14
32334,640,480,0.771167,26.9935,0.273583,3.68754,33.3191,11
548506,640,426,0.87325,24.8462,0.303334,3.34337,30.9668,10
221754,640,428,0.884042,23.8563,0.270959,3.31042,29.9752,9
287649,640,480,0.889875,24.7316,0.272125,3.276,30.7703,6
419974,432,640,0.910875,27.3674,0.270959,3.45508,33.5994,28
399764,432,640,0.7945,23.9569,0.272416,3.37138,30.0551,25
230983,432,640,0.919334,23.7787,0.270667,3.35125,29.9206,23
201775,512,382,0.916125,26.8427,0.270666,4.1405,33.7715,3
498709,640,426,0.871791,24.204,0.272125,3.22379,30.1717,8
494869,432,640,0.776708,27.7728,0.271542,3.39821,33.822,11
491366,512,376,0.9205,23.408,0.273875,4.14021,30.3363,6
171190,640,480,0.783709,25.7973,0.272125,3.93225,32.433,30
544519,640,428,0.8785,26.717,0.272125,3.24508,32.7655,6
42102,256,640,0.651,24.491,0.273,3.38013,30.3864,22
13348,640,428,0.757458,22.8766,0.270375,3.29408,28.8493,14
142324,640,480,0.889292,23.623,0.273292,3.73858,30.3453,19
52007,480,640,0.923125,23.646,0.27125,4.25979,30.7315,26
541664,512,376,0.8155,23.6113,0.270375,3.17829,29.4738,1
327605,640,480,0.765333,23.4491,0.273875,3.23721,29.3192,2
70774,640,426,0.776417,23.4943,0.271541,3.20483,29.3382,3
330790,640,426,0.750458,24.4046,0.271542,2.52088,29.5619,3
229948,640,428,0.469584,21.9363,0.270083,3.46733,26.6262,5
235836,432,640,0.863041,25.5975,0.448,3.36117,31.9585,12
574823,384,500,0.951709,28.4687,0.273583,3.39996,34.7722,9
473118,352,500,0.954333,26.5513,0.272708,3.2655,32.6585,9
150638,640,470,0.923417,25.3908,0.272708,3.52421,31.7847,20
179653,640,480,0.804417,27.2982,0.294875,3.19433,33.3352,11
408830,640,428,0.8855,24.5023,0.270959,3.31567,30.63,14
443969,624,612,0.984959,24.8057,0.272417,4.44996,32.1207,4
178618,448,640,0.907375,23.6381,0.270958,3.27717,29.7625,15
495146,640,480,0.792458,24.9741,0.090708,1.26408,28.7311,13
256195,640,428,0.436333,23.9811,0.272125,3.20804,28.4891,1
279278,640,430,0.828916,23.3787,0.272708,3.591,29.6737,18
284282,512,334,0.949375,21.399,0.060666,0.793042,24.7654,2
492968,640,426,0.40775,27.0763,0.271541,3.25617,32.438,7
325838,640,480,0.772625,24.3568,0.272125,3.53733,30.5381,15
110449,512,376,0.816083,23.4789,0.271834,3.23458,29.3956,8
508101,640,480,0.765041,24.2503,0.271834,3.28446,30.1648,10
429109,640,428,0.741708,22.2985,0.27125,3.444,28.4565,12
190753,640,478,0.924,22.1445,0.273,3.44954,28.3897,10
546626,304,400,0.813167,22.913,0.272416,3.38217,28.9704,4
188439,640,408,0.714,23.0609,0.273292,3.29846,28.9867,2
474786,384,500,0.81025,23.35,0.272416,3.46646,29.4904,6
525600,640,326,0.670542,23.7329,0.27125,3.57904,29.843,33
253452,640,426,0.862167,22.7707,0.271833,4.24492,29.8868,18
156071,640,480,0.893958,23.2905,0.270959,3.51808,29.6123,11
417465,640,426,0.861875,23.338,0.272708,3.22175,29.3414,2
123321,624,612,0.933334,22.8748,0.274166,3.59654,29.321,10
559160,432,640,0.831542,23.3205,0.272709,3.33025,29.3574,6
546659,432,640,0.767375,23.9543,0.271834,3.18967,29.7803,1
52462,640,428,0.75425,21.3407,0.061541,0.81025,24.5312,2
275727,640,476,0.410375,27.0518,0.272708,3.1815,31.3329,1
222094,512,376,0.658292,20.7013,0.061833,0.840583,22.785,7
361571,640,426,0.433709,29.7194,0.270958,3.16167,34.0693,1
19402,640,480,0.807042,24.166,0.272416,3.20658,30.1236,3
57027,640,426,0.88725,23.511,0.274459,3.26725,29.6141,4
491757,640,480,0.79625,26.4967,0.273,3.35125,32.5751,2
101022,480,640,0.940625,24.3991,0.273583,3.20046,30.4258,3
153011,640,480,0.804416,27.0964,0.272709,3.56562,33.3882,13
241602,640,428,0.889,27.7407,0.272709,3.21271,33.7674,2
363072,640,640,0.970958,27.062,0.270667,3.21125,33.1304,1
176634,640,480,0.923125,25.9563,0.274458,3.20308,32.0367,1
43737,480,640,0.947625,25.0148,0.271542,3.28242,31.1238,5
16598,480,640,0.941792,25.0623,0.273875,3.2515,31.199,2
218997,640,622,0.910584,22.3084,0.270666,3.35125,28.457,7
242946,640,480,0.900667,22.1013,0.306833,3.76658,28.686,29
304291,640,428,0.852833,23.5255,0.271542,3.2865,29.5438,15
233139,640,428,0.79275,23.3427,0.272709,3.30983,29.3192,10
275791,640,428,0.783125,23.9817,0.270958,3.49096,30.1225,20
26465,512,376,0.791875,27.3898,0.273875,3.33317,33.3833,5
101068,640,428,0.879958,23.6582,0.272417,3.27454,29.687,7
469067,640,480,0.789834,26.91,0.272417,3.29554,32.8665,5
170474,640,476,1.01354,26.8059,0.272417,3.3215,33.0149,7
81061,640,442,0.886667,26.4247,0.272709,3.28504,32.6859,9
494759,640,480,0.902125,26.479,0.271542,3.33346,32.6422,10
365387,640,426,0.874125,26.3442,0.272708,3.22904,32.3207,11
503823,512,334,0.942375,23.4159,0.270958,3.36117,29.5875,16
2153,640,480,0.78575,23.1776,0.272416,3.33404,29.167,5
528980,432,640,0.811416,23.511,0.271833,3.33492,29.5234,10
57149,640,428,0.78225,23.3497,0.273,3.35621,29.3615,26
297022,640,504,0.797709,23.6352,0.27125,3.31217,29.6193,24
139684,512,334,0.769708,25.4917,0.275333,1.93463,30.1026,28
263644,480,640,0.514792,21.8648,0.27475,3.24508,26.3874,5
447169,640,480,0.819875,26.098,0.273583,3.38858,32.2353,2
502168,640,458,0.966875,24.2153,0.270667,3.48367,30.5708,10
142472,640,480,0.798,27.7684,0.271834,3.36175,33.833,8
427034,640,480,0.905334,26.3871,0.273875,3.2235,32.6162,3
294695,640,428,0.879083,27.9414,0.273292,3.41571,34.1206,10
180878,640,428,0.886375,25.5914,0.272125,3.21854,31.633,3
173830,608,640,0.907083,23.3386,0.273583,3.36642,29.5003,1
88265,432,640,0.919916,27.0159,0.274167,3.19317,33.0073,1
154213,512,376,0.923125,21.7719,0.065334,0.852542,25.2337,2
325527,512,374,0.486792,25.8295,0.270666,3.185,30.2161,1
152686,640,400,0.855166,23.455,0.273,3.27483,29.4554,4
405205,560,410,0.823375,22.4382,0.270375,3.18908,28.3232,1
470779,640,480,0.771458,22.7981,0.30975,3.3285,28.8447,6
119038,640,480,0.77,26.6114,0.272708,4.1335,33.4317,2
507081,640,640,0.930125,23.4707,0.272708,3.25383,29.5829,0
67315,640,428,0.762709,23.8204,0.270375,3.20833,29.7036,3
346905,640,426,0.742584,22.5934,0.270667,3.26258,28.6708,3
147745,640,480,0.765333,22.7065,0.309166,3.18237,29.6205,2
445792,512,376,0.791,22.878,0.271833,3.36058,28.891,2
562243,640,640,0.782833,23.5352,0.270959,3.31858,29.507,2
542625,640,480,0.770583,24.8083,0.276791,3.42825,30.919,22
61658,640,480,0.784583,23.3864,0.274167,3.57175,29.6852,20
52507,640,438,0.774958,26.6578,0.271833,3.25092,32.5538,18
562121,640,454,0.904167,26.9573,0.271542,3.37808,33.322,20
521259,640,458,0.898042,22.4213,0.271542,3.899,29.0932,34
455448,480,640,0.884041,20.9974,0.06125,0.856625,24.3696,29
80413,640,480,0.413875,26.6607,0.273,3.31742,31.0791,15
357941,512,376,0.805875,21.154,0.061833,0.823958,24.4458,16
314182,384,500,0.479208,26.5373,0.270667,3.4615,31.1541,11
178982,640,428,0.746667,22.2737,0.062417,0.821625,25.4631,6
562581,640,444,0.825417,24.2278,0.274166,3.23633,30.2942,4
379800,640,494,0.830958,23.4055,0.306541,3.25442,29.6083,3
137106,640,428,0.771167,22.6161,0.27125,3.20162,28.5265,1
140987,432,640,0.91875,22.631,0.272708,3.514,28.9608,11
326128,480,640,0.930416,23.7145,0.2695,3.22321,29.7614,2
157807,640,428,0.761833,23.9129,0.272125,3.23808,29.7926,2
471893,640,442,0.759208,22.2364,0.272125,3.3845,28.2613,8
244099,640,428,0.91525,22.2498,0.27125,3.16867,28.2129,2
16010,640,472,0.7945,22.0576,0.27125,3.33229,28.0989,3
110359,640,428,0.736458,22.185,0.271542,3.255,28.047,1
314914,480,640,0.805583,23.154,0.272709,3.17275,29.0611,1
65736,640,428,0.762708,22.6893,0.27125,3.25325,28.6285,3
447465,640,426,0.859833,23.8513,0.273875,3.24508,29.8282,3
80057,432,640,0.791875,23.4313,0.27125,3.19521,29.2918,1
470924,640,480,0.904458,22.3332,0.270667,3.86954,28.98,30
414340,432,640,0.739667,23.8298,0.271542,3.40112,29.3408,39
545958,640,428,0.758042,23.6658,0.271541,3.20192,29.5383,1
279774,416,500,0.974167,21.9715,0.272708,3.42942,28.2867,9
29640,640,426,0.856625,22.0987,0.27125,3.69075,28.5233,32
50331,640,480,0.899209,23.2557,0.270959,3.3285,29.4557,23
119233,512,334,0.783708,23.9441,0.273,3.21358,29.8672,4
263796,480,640,0.795666,22.5948,0.270375,3.23867,28.5437,5
356094,640,390,0.844375,22.8293,0.273292,3.40638,28.9546,18
179487,512,640,0.922834,23.5538,0.270375,3.55367,29.9093,11
429718,640,640,0.914375,22.2559,0.271542,3.1955,28.3354,1
484893,640,428,0.86975,23.0119,0.272709,3.26404,29.0235,4
323355,480,640,0.976791,23.203,0.27125,3.32471,29.3764,6
359219,640,480,0.828042,23.3937,0.269791,3.311,29.3988,9
237984,640,428,0.861583,23.602,0.270959,3.23429,29.5665,8
194471,336,500,0.800042,22.7692,0.270667,3.25937,28.6968,9
289960,640,480,0.772333,22.6208,0.270666,3.25617,28.5527,4
125806,640,426,0.885209,23.485,0.27475,3.24887,29.6246,8
44195,368,500,0.82425,22.9906,0.27125,3.31537,27.8804,12
127092,640,480,0.814042,23.8583,0.270084,3.32296,29.9025,5
402473,640,480,0.784583,24.7275,0.27475,3.19462,30.606,2
147338,480,640,0.8155,23.8589,0.271833,3.35679,29.9632,17
334371,640,420,0.740833,22.6645,0.30275,3.479,28.8353,21
329827,640,428,0.85925,23.3505,0.273,3.35446,29.4805,20
566436,640,428,0.919625,23.6857,0.271542,3.35213,29.8442,16
334309,640,428,0.758334,23.4162,0.272125,3.53704,29.5893,23
141328,640,480,0.905042,22.3953,0.272125,3.39821,28.572,18
371699,480,640,0.91175,23.2825,0.065334,0.860125,26.7454,6
100510,608,400,0.454125,23.9244,0.269792,3.38217,28.4799,14
411530,640,480,0.786917,23.8779,0.270958,3.53587,30.1624,21
128699,352,500,0.814917,23.3033,0.271833,3.65779,29.645,36
348481,640,480,0.770292,24.1162,0.273292,3.29088,30.0522,6
356169,640,480,0.902125,23.977,0.301584,3.20104,29.9889,5
269942,480,640,0.809667,22.5616,0.272709,3.31946,28.6093,13
165351,624,612,1.04971,23.2846,0.272708,3.23371,29.5009,1
38048,304,500,0.748709,23.8108,0.272125,3.206,29.6351,3
473869,640,428,0.739375,27.1559,0.27125,3.26375,33.0243,4
526197,432,640,0.912917,22.1585,0.270375,3.34163,28.2922,7
3553,640,428,0.750458,23.2447,0.273,3.20863,29.111,5
107094,640,426,0.7385,24.1337,0.27125,3.2795,30.0568,10
136715,640,426,0.873833,23.3797,0.274458,3.8185,29.9959,35
128748,496,640,0.828917,24.0252,0.270083,3.43233,30.1592,31
520009,512,412,0.837083,23.4742,0.272709,3.40958,29.6424,18
69224,512,376,0.795958,23.7064,0.273291,3.44896,29.8538,14
18193,640,480,0.764458,23.2345,0.273,3.26812,29.3466,10
431545,512,334,0.7665,23.3605,0.273,3.22262,29.2623,5
444275,640,480,0.760375,23.3934,0.273,3.25004,29.3218,15
171611,640,444,0.87675,23.1067,0.308875,3.35329,29.2874,19
273198,512,376,0.809666,22.6456,0.273,3.44633,28.8272,18
245915,512,334,0.97475,23.9202,0.275625,3.74646,30.6568,30
82085,640,428,0.795083,24.8882,0.272125,3.44692,31.0479,14
233771,640,640,0.961625,23.9885,0.27125,3.56271,30.4728,15
410456,640,480,0.830375,23.9184,0.273,3.53558,30.1849,21
517056,640,480,0.918167,24.0354,0.270375,3.44079,30.2937,20
441468,432,640,0.800333,24.899,0.271833,3.46529,31.0949,24
111086,512,336,0.786333,26.2818,0.30275,3.37167,32.3558,18
50145,480,320,0.786625,22.5487,0.272709,3.29787,28.5673,12
21167,432,640,0.778458,28.3159,0.303917,3.28533,34.2807,5
314251,640,480,0.785166,29.8276,0.271541,3.55863,36.0932,24
35279,640,464,0.907375,23.0997,0.270375,3.44925,29.3361,17
226417,512,334,0.896292,23.347,0.270958,3.66421,29.7786,21
320743,640,360,0.711375,27.641,0.271833,3.77708,33.9967,22
246454,640,640,0.944708,23.3473,0.270958,3.2585,29.4802,3
308799,384,500,0.832416,23.3803,0.272125,3.17362,29.2965,3
415536,640,480,0.766791,23.4208,0.295458,3.13775,29.2664,1
565778,640,400,0.728292,27.2822,0.27125,3.42621,33.3113,5
479912,480,640,0.931583,23.5107,0.273,3.24829,29.5683,12
446117,640,426,0.755417,21.5921,0.061542,0.793916,24.7669,1
433243,640,424,0.392292,27.0153,0.270958,3.22817,31.3192,2
449579,640,428,0.747833,24.0476,0.273875,3.23779,29.8987,2
203580,640,428,0.741708,23.5614,0.271542,3.28883,29.4607,4
91921,640,480,0.791875,23.4287,0.272708,3.23429,29.3256,2
407574,480,640,0.836208,25.8332,0.294583,3.20017,31.766,9
570756,640,428,0.746083,21.5743,0.06125,0.835625,24.8223,23
5037,640,426,0.746667,27.8696,0.269792,3.33113,33.8141,9
194506,640,498,0.802667,27.4035,0.271834,3.22233,33.2972,5
482917,512,376,0.795959,21.6058,0.06125,0.807041,24.8299,11
50326,512,376,0.475708,26.8596,0.27125,3.248,32.3435,9
167122,640,480,0.772334,27.6535,0.062708,0.8575,30.9158,3
95069,608,450,0.525875,21.863,0.273875,3.21446,26.3605,1
338624,640,360,0.741125,23.8408,0.273291,3.55279,30.109,13
326627,640,480,0.791,27.2256,0.2695,3.30429,33.2821,15
234807,640,462,0.913792,27.8787,0.273292,3.22583,33.948,6
234526,624,612,0.99225,26.171,0.272416,3.24304,32.3114,6
356424,480,640,0.951417,21.317,0.061542,0.891916,24.8666,12
329455,640,480,0.751042,27.2052,0.270959,3.78992,33.6193,39
144784,384,500,1.43733,23.4958,0.308291,3.36729,30.2905,31
69795,640,480,0.7945,20.9857,0.06125,0.807917,24.26,5
23666,480,640,0.438958,25.8221,0.270375,3.20483,30.1475,1
39551,640,428,0.767958,23.7393,0.270959,3.30575,29.6832,12
434996,512,376,0.85225,23.4822,0.270084,3.27892,29.4809,11
348216,480,640,0.796833,23.357,0.270083,3.21679,29.2381,2
455872,512,376,0.896875,22.3204,0.274459,3.17246,28.2987,3
112626,432,640,0.758334,23.109,0.27125,3.25092,28.9794,2
384513,640,480,0.896583,22.673,0.272708,3.18296,28.6242,1
54605,624,612,1.04183,23.7029,0.272416,3.37458,30.0026,9
179285,432,640,0.931875,22.0398,0.27125,3.30196,28.1514,11
11511,640,464,0.963083,22.1381,0.272125,3.46121,28.4355,16
514508,640,480,0.879958,23.0417,0.270084,3.39704,29.2253,8
46872,640,392,0.730333,23.2858,0.273,3.29787,29.2285,13
305695,640,480,0.766208,23.4675,0.27125,3.43671,29.5916,11
286503,640,428,0.867709,21.9692,0.273875,3.30867,28.0531,13
107087,640,428,0.849625,22.003,0.272709,3.25908,27.972,11
32610,640,428,0.912041,21.9992,0.274167,3.33025,28.1094,16
206838,640,480,0.870916,23.1137,0.269792,3.34163,29.2361,13
39670,640,640,0.7945,23.8055,0.272709,3.20863,29.6818,1
210915,640,480,0.772042,23.4057,0.273,3.23079,29.3306,2
199681,640,480,0.772917,21.9567,0.272125,3.19667,27.8332,3
433134,640,480,0.879666,23.742,0.272417,3.17683,29.6666,1
182021,640,360,0.703792,22.6047,0.271833,3.2235,28.3978,2
449909,640,428,0.916417,22.1848,0.062125,0.807625,25.5547,2
164602,640,480,0.465792,23.3403,0.06125,0.814625,25.1142,3
234660,640,480,0.451208,22.9877,0.272709,3.15992,27.3172,0
73946,640,428,0.749292,24.2716,0.310917,3.22233,30.1636,2
174018,512,352,0.772333,21.4646,0.060958,0.808792,24.673,2
80274,640,480,0.415917,28.0251,0.269792,3.2235,32.3447,2
396729,640,426,0.795083,26.4699,0.272708,3.27133,32.4077,3
306733,640,426,0.910875,26.4291,0.270959,3.31421,32.5275,5
231747,640,400,0.856917,23.4993,0.273583,3.19462,29.4697,2
364166,512,376,0.814625,23.9584,0.271833,3.20717,29.8871,2
289516,304,640,0.678125,26.6367,0.271542,3.2795,32.459,9
321887,640,424,0.870917,26.5545,0.270375,3.29146,32.5797,1
79651,640,478,0.918167,23.6816,0.273292,3.38829,29.9157,6
377946,640,426,0.753375,23.6825,0.270667,3.40958,29.7115,11
440171,416,640,0.794208,23.4518,0.271541,3.60558,29.7159,66
338304,432,640,0.774959,22.8378,0.271833,3.815,29.5368,64
98853,432,640,0.784583,23.3634,0.271542,4.03842,30.0618,66
251572,640,426,0.742875,26.824,0.305959,3.76979,33.2885,68
552775,384,500,0.810834,22.7599,0.27125,3.30954,28.7545,3
159458,640,480,0.833875,23.2056,0.271541,3.22146,29.1337,3
509260,512,376,0.793625,23.3389,0.270959,3.15875,29.1947,1
512330,432,640,0.77,23.2975,0.309167,3.24129,29.26,6
407002,480,640,0.816375,23.6638,0.303041,3.21971,29.7063,6
450686,512,640,0.820459,24.866,0.272416,3.22525,30.8367,2
144798,432,640,0.905625,23.7282,0.273292,3.25121,29.762,1
345941,640,640,0.857791,22.0063,0.271542,3.22554,27.9746,5
33368,432,640,0.771167,27.5879,0.319958,3.19346,33.511,2
51610,640,428,0.737625,22.1614,0.271542,3.49125,28.2995,20
255165,640,480,0.768834,22.7068,0.270667,3.43146,28.7881,17
206135,336,500,0.786916,26.0846,0.270667,3.39208,32.1338,15
15335,640,480,0.902708,23.476,0.272125,3.41658,29.6704,9
519764,512,376,0.804125,22.6835,0.273292,3.26433,28.6778,2
92416,480,640,0.856333,23.1472,0.270667,3.36029,28.1601,7
134096,640,480,0.942083,27.5508,0.27125,3.23021,33.6435,7
73326,640,480,0.818708,23.8347,0.273,3.46704,30.0606,20
12062,640,428,0.895125,27.7022,0.27125,3.30371,33.8398,14
529528,512,334,0.906208,26.017,0.272125,3.25762,32.1145,14
232684,640,428,0.886958,22.094,0.27125,3.28767,28.156,17
512776,512,356,0.852542,22.0748,0.270083,3.30079,28.0957,15
228942,640,320,0.659167,23.6367,0.339792,3.472,29.738,16
151480,640,480,0.879667,23.2689,0.270667,3.62221,29.6855,31
351823,512,640,0.862459,22.9392,0.065917,0.889583,26.3202,24
263403,640,394,0.41125,24.7471,0.271542,3.325,29.202,19
328337,640,428,0.751041,23.6953,0.272708,3.35592,29.7865,5
540414,640,480,0.789542,23.2773,0.272417,3.79196,29.7643,23
563882,640,426,0.779916,22.5663,0.270375,3.39471,28.6154,8
469174,640,460,0.875291,22.8565,0.307125,3.24275,28.9249,16
292415,336,500,0.7875,22.1016,0.272708,3.25121,28.0636,1
416991,640,330,0.834458,22.3845,0.271541,3.26725,28.3488,6
317024,640,480,0.781666,22.2591,0.319958,3.19929,28.2115,1
558114,640,480,0.756292,26.7278,0.271834,3.35504,32.7092,5
511398,640,428,0.721875,27.5733,0.271833,3.20483,32.8691,1
560178,640,480,0.94675,24.0864,0.270083,3.34017,30.2461,2
380203,432,640,0.898625,23.7501,0.270084,3.31042,29.8349,9
147518,480,640,0.83475,23.8263,0.272708,3.26812,29.8107,11
189436,480,640,0.805583,26.1826,0.27125,3.24975,32.1417,10
131556,640,426,0.757167,23.4334,0.270375,3.23633,29.302,3
449198,512,334,0.784292,23.695,0.27125,3.18033,29.5312,0
249643,640,462,0.763583,23.2528,0.271542,3.21212,29.1891,1
245102,640,428,0.734708,25.5051,0.271833,3.13221,31.2795,0
322968,480,640,1.09871,23.7175,0.270375,3.24012,29.9294,3
296969,640,428,0.896,22.7628,0.270083,3.38158,28.912,9
297084,624,612,1.11942,23.9228,0.272125,3.52888,30.5182,12
553094,640,426,0.4585,22.9005,0.271541,3.51313,27.622,51
187243,480,640,0.84175,23.9006,0.271834,3.25471,29.9081,2
548555,640,426,0.907375,23.6772,0.271542,3.27396,29.7544,12
104782,512,376,0.815209,23.938,0.270958,3.22846,29.8684,10
242060,640,460,0.764167,22.5733,0.270667,3.62833,28.8382,30
352491,640,480,0.88725,23.5742,0.272708,3.27192,29.6118,8
566758,640,480,0.806167,24.0144,0.27125,3.23196,29.9349,7
202001,512,462,1.00654,21.2505,0.060959,0.810834,24.7368,5
219485,432,640,0.436625,27.3782,0.272417,3.25792,31.7552,11
248284,432,640,0.779333,22.3688,0.270083,3.36817,28.383,18
360564,640,428,0.772917,22.143,0.269791,3.27425,28.0545,2
274219,464,640,0.793916,21.0493,0.06125,0.795375,24.2967,2
440617,640,480,0.416792,26.7767,0.270958,3.19083,31.0634,2
147740,640,480,0.780791,23.9508,0.272125,3.41454,30.0192,9
137576,640,564,0.839125,21.3401,0.06125,0.812,24.6986,4
457884,640,458,0.749292,28.0569,0.273291,3.34017,34.0098,6
368752,480,640,0.819584,21.4824,0.060958,0.869459,24.7925,17
142585,384,500,0.490583,27.3222,0.303333,3.32967,33.0143,11
181859,432,640,0.774083,21.1867,0.060959,0.811125,24.4233,11
217753,640,480,0.424667,26.1432,0.271833,3.23371,30.4774,3
226111,480,640,0.890166,22.113,0.270375,3.25617,28.124,13
489305,320,230,0.718958,21.4433,0.060959,0.803541,24.6534,5
158956,640,426,0.721,27.3452,0.272417,3.23021,33.1491,2
410650,640,480,0.8225,21.2517,0.061542,0.889,24.593,19
210099,640,538,0.459958,25.8026,0.270958,3.28183,30.2315,2
328117,480,640,0.8015,21.5069,0.06125,0.898042,24.8316,11
394510,640,480,0.772333,22.0526,0.27125,3.37692,28.0659,8
464089,640,480,0.788667,21.2444,0.06125,0.845833,24.5379,11
400794,432,640,0.758333,27.7678,0.2695,3.39179,33.7782,31
248752,512,376,0.801792,22.638,0.270958,3.30662,28.653,14
261318,432,640,0.787208,22.4811,0.2695,3.28621,28.4153,4
38118,640,428,0.763,22.0156,0.062125,0.783417,25.1805,1
504074,640,428,0.443625,28.8555,0.272708,3.31917,33.3737,9
56288,640,480,0.825708,27.3837,0.309459,3.21971,33.444,3
505169,480,640,0.950833,23.9135,0.273,3.20425,30.0224,10
250205,640,458,0.908833,23.4812,0.271542,3.31392,29.645,9
442463,480,640,0.835917,24.1902,0.272417,3.25792,30.2178,4
7818,640,428,0.874125,26.0333,0.307417,3.24042,32.0676,5
351810,512,376,0.930416,26.3378,0.271541,3.48454,32.6293,10
249786,640,428,0.751625,23.4818,0.273292,3.22058,29.3367,3
499031,432,640,0.796834,23.5944,0.274167,3.32179,29.5957,5
124798,640,428,0.738791,23.6527,0.273584,3.1925,29.4565,19
480021,640,472,0.453833,22.9195,0.270958,3.3985,27.6392,7
243495,384,500,0.814917,24.3429,0.270958,3.27454,30.3025,7
346703,560,640,0.995166,23.8592,0.296625,3.59158,30.3905,16
141671,640,336,0.699125,22.4971,0.272125,3.79108,28.9118,81
67406,512,376,0.935375,27.4989,0.270375,3.43525,33.7435,35
23751,432,640,0.90125,24.131,0.273,3.17392,30.1251,2
506656,640,480,0.838834,24.045,0.270083,3.28592,30.105,3
291490,640,394,0.735292,22.0106,0.271542,3.26346,27.9128,2
468632,640,480,0.762417,23.7895,0.273,3.29379,29.7156,4
109313,480,640,0.797708,23.5495,0.273,3.25442,29.4685,5
382125,640,480,0.795083,24.5767,0.305667,3.70388,30.9855,20
1000,640,480,0.769416,23.3526,0.27125,3.66042,29.6873,17
554291,640,428,0.794209,23.7854,0.270667,3.26346,29.708,14
208363,640,480,0.896292,23.9476,0.270375,3.95179,30.6676,23
325306,640,480,0.954042,21.2993,0.06125,0.798291,24.7409,13
335529,640,480,0.7735,27.986,0.272125,3.26142,33.8911,10
474164,640,640,0.803541,21.3512,0.06125,0.801208,24.6327,4
276804,512,640,0.44275,27.0766,0.269792,3.41688,31.6251,18
531707,640,480,0.774666,22.9521,0.271542,3.46996,29.0996,23
381639,592,640,0.915541,25.6588,0.272125,3.388,31.8751,8
186980,464,640,0.942959,22.3635,0.062709,0.822792,25.7714,10
93717,640,428,0.445667,23.0665,0.061542,0.909125,24.9223,20
207538,512,376,0.492916,22.8836,0.274167,3.23312,27.3251,2
439290,640,428,0.74725,23.2555,0.271833,3.16225,29.1002,1
183709,480,640,0.796833,23.3593,0.298083,3.58663,29.689,16
469828,640,480,0.92225,21.3605,0.061542,0.812,24.7759,15
97994,640,428,0.756875,23.4453,0.270083,3.50583,29.5823,24
114884,512,330,0.781958,23.3952,0.308583,3.60588,29.7389,31
243626,400,290,0.748417,22.9145,0.271542,3.41979,28.992,21
565877,432,640,0.765042,22.4677,0.27125,3.27367,28.4104,7
279927,640,442,0.74025,24.017,0.27125,3.51925,30.1403,27
155179,640,468,0.895708,25.9061,0.275042,3.22175,31.9419,6
537964,640,430,0.879375,27.86,0.270958,3.23575,33.8497,7
119911,640,426,0.760084,23.6699,0.271834,3.27425,29.5753,8
239627,640,428,0.857792,22.2615,0.272125,3.29321,28.2797,6
542127,640,426,0.891042,22.1754,0.270375,3.47229,28.4089,18
287874,640,434,0.763291,23.0382,0.271542,3.26754,28.9669,7
87476,432,640,0.765625,23.3214,0.27475,3.49125,29.4796,12
127182,432,640,0.759792,23.6798,0.271542,3.28067,29.6252,3
421757,640,480,0.896292,21.9905,0.273583,3.20717,28.0015,2
501243,640,428,0.874125,22.1521,0.272125,3.25558,28.1464,2
192047,480,640,0.808792,23.403,0.272708,3.27367,29.3568,6
387383,640,480,0.767667,22.3525,0.314125,3.27454,28.3424,4
67310,496,640,0.823667,22.7325,0.270959,3.32471,28.8193,5
168883,480,640,0.919333,23.4491,0.27125,3.3145,29.5473,5
368038,640,318,0.683958,24.2941,0.304791,3.31508,30.1939,22
196009,640,480,0.77175,22.853,0.273,3.325,28.8563,13
100274,640,428,0.7385,23.5527,0.27125,3.21183,29.4473,10
98520,640,480,0.771167,24.0161,0.271833,3.30954,30.0055,14
368940,640,480,0.763291,22.7124,0.271542,3.23663,28.6382,11
323828,432,640,0.887542,23.5553,0.298958,3.26433,29.6421,4
119365,480,640,0.797416,23.896,0.270666,3.27192,29.8708,8
268729,640,480,0.797708,22.8331,0.311792,3.51138,29.1439,29
66038,640,480,0.856916,24.2392,0.271542,3.70417,29.6211,41
441286,640,494,1.06662,24.9976,0.272125,3.39646,31.3813,23
215723,640,480,0.948208,22.2536,0.273875,3.45129,28.5661,25
132408,432,640,0.926334,23.7172,0.27125,3.32792,29.8693,7
165518,624,612,1.06196,22.9361,0.270375,3.23779,29.1311,2
545730,640,428,0.805,22.9256,0.273,3.46179,29.094,8
344888,640,416,0.886958,21.2339,0.061542,0.784875,24.5472,2
438907,464,640,0.468125,25.6486,0.273,3.30692,30.1152,4
200839,640,480,0.767666,22.4347,0.273291,3.26054,28.336,2
335177,640,480,0.806458,21.4112,0.270375,3.29904,27.3849,3
580757,640,426,0.751625,22.7019,0.092167,1.12292,26.2451,1
565153,384,500,0.539,22.6402,0.182291,2.18925,26.1207,3
266409,640,480,0.835625,23.9181,0.270667,3.20658,29.8349,2
410735,640,512,0.821625,24.3676,0.269791,3.28213,30.3386,4
246968,640,428,0.742292,22.591,0.272708,3.34746,28.5457,11
249025,400,500,0.833875,23.595,0.271833,3.20279,29.4992,2
190853,384,640,0.74375,23.4165,0.271541,3.24975,29.2728,4
380711,624,612,1.06954,23.116,0.270959,3.19492,29.2495,1
245026,640,424,0.749875,23.2342,0.273875,3.26142,29.1544,4
346707,336,500,0.767958,23.4176,0.302166,3.17479,29.2991,9
363461,640,478,0.769416,23.4783,0.272125,3.33113,29.4875,6
149222,512,384,0.789834,23.504,0.269208,3.35096,29.5114,6
527029,640,640,0.77875,23.2858,0.271834,3.19317,29.1754,1
352760,544,640,0.831833,24.0345,0.318208,3.17158,30.0008,3
130566,640,428,0.725375,23.511,0.301,3.1535,29.3326,1
215114,560,640,0.854584,23.3097,0.270083,3.30138,29.3732,5
464358,640,428,0.74025,23.6539,0.31325,3.21679,29.5703,7
433980,384,500,0.80675,23.3599,0.270667,3.14621,29.1772,0
48504,640,428,0.739958,23.795,0.269792,3.33433,29.7316,5
53505,432,640,0.768541,23.858,0.270083,3.311,29.8031,21
35963,480,640,0.793042,23.4722,0.270959,3.30283,29.4715,19
203317,512,424,0.88375,24.5933,0.061833,0.802666,28.0397,1
8532,640,426,0.834167,23.5903,0.271541,3.24246,29.6024,4
470173,448,640,0.967459,23.8872,0.27125,3.25617,30.0268,4
53624,640,428,0.765916,22.0754,0.272125,3.27279,28.0131,5
80273,640,428,0.744625,21.9925,0.270959,3.21738,27.8792,2
460929,480,640,0.924584,23.9172,0.270958,3.27833,29.997,2
157138,512,354,0.768542,23.6399,0.270667,3.26054,29.5423,5
40471,432,640,0.785458,24.3623,0.271834,3.23254,30.2511,2
20553,512,376,0.794209,24.2183,0.271542,3.22671,30.1079,4
488710,512,400,0.9275,23.6895,0.27125,3.19462,29.6718,2
64499,640,480,0.878209,24.2381,0.271542,3.18704,30.1694,2
344795,640,362,0.711083,24.2591,0.272708,3.22204,30.0557,2
452784,480,640,0.797708,22.4335,0.274167,3.19813,28.2984,2
88462,640,384,0.868583,22.4712,0.271541,3.42475,28.6344,19
46031,640,480,0.826292,23.7075,0.271834,3.40783,29.8069,12
67616,640,480,0.89425,23.48,0.272125,3.56212,29.8028,25
25096,384,500,0.922833,23.1236,0.270375,3.37604,29.2857,25
398237,640,480,0.769417,24.2191,0.269792,3.20863,30.0877,3
456303,336,500,0.764459,22.9265,0.272125,3.16896,28.7128,2
146155,640,512,0.909416,23.3742,0.272709,3.47112,29.6217,17
334555,640,426,0.853125,24.1669,0.271542,3.49096,30.4033,13
260105,640,480,0.791583,22.7488,0.272416,3.34017,28.8006,6
230450,640,480,0.881416,23.4763,0.271833,3.29787,29.5741,4
375015,640,404,0.762125,24.0193,0.298084,3.15263,29.8279,1
294855,512,376,0.786917,22.3977,0.271542,3.19608,28.2409,1
255664,512,376,0.816666,21.0945,0.061541,0.794208,24.3177,2
427500,432,640,0.414167,26.2818,0.271542,3.30167,30.6813,6
376478,480,640,0.807333,23.8884,0.272125,3.23808,29.799,7
405279,640,480,0.784584,25.2849,0.272125,3.45946,31.3956,20
45550,640,480,0.93275,21.985,0.271541,3.44983,28.2377,9
46252,640,480,0.778167,21.1852,0.060958,0.823958,24.4463,5
315001,640,640,0.405709,26.5557,0.270667,3.36175,31.0141,8
168593,640,480,0.501667,22.246,0.272125,3.28912,26.8322,3
491090,480,640,0.886375,27.7398,0.272125,3.27513,33.8403,4
785,640,426,0.894541,26.5329,0.271542,3.21913,32.5605,11
471756,640,428,0.953166,23.3818,0.274167,3.30254,29.5873,10
186637,640,426,0.776417,23.4147,0.273,3.26783,29.3956,13
74209,640,480,0.784,22.8013,0.271541,3.25062,28.7875,10
544052,640,640,0.788958,23.3304,0.272417,3.25004,29.3029,2
182923,384,500,0.814625,21.4217,0.060958,0.878208,24.7972,13
563267,512,376,0.785458,28.0449,0.272416,3.61025,34.3026,33
59635,496,640,0.824542,21.3407,0.061833,1.00508,24.838,29
199310,432,640,0.452375,23.3676,0.090416,1.14013,25.4346,2
63965,640,428,0.46025,29.9486,0.269792,3.29233,34.557,17
426268,640,428,0.872666,24.1254,0.273,3.38508,30.2568,20
64462,512,378,0.927208,23.8365,0.272709,3.32383,29.9617,14
576052,640,428,0.751625,23.5057,0.271833,3.35475,29.4825,21
86582,640,428,0.856916,23.9511,0.305375,3.46267,30.175,29
377393,640,480,0.8855,23.5267,0.272708,3.28679,29.6234,19
322610,640,480,0.963958,24.0351,0.269792,3.60033,30.4742,25
473821,512,334,0.783417,23.3829,0.272125,3.39617,29.4315,23
391144,640,428,0.8645,23.8204,0.271541,3.43613,29.9857,22
13659,640,480,0.905333,23.3453,0.271833,3.86108,30.046,36
37740,640,480,0.930708,23.7213,0.272125,3.49475,30.0288,25
272049,640,428,0.76125,23.5139,0.273,3.31246,29.4639,23
1503,320,240,0.844375,24.3434,0.301,3.3635,30.4503,19
567740,640,480,0.787209,23.2849,0.301292,3.37283,29.3898,23
81766,640,480,0.904458,23.3362,0.272417,3.30108,29.4569,5
370711,640,480,0.795083,23.7338,0.270958,3.29146,29.7465,11
38825,640,428,0.746667,23.2598,0.272417,3.33346,29.2521,18
148957,640,480,0.777,23.3255,0.27125,3.52421,29.5371,20
34071,640,426,0.919333,24.2174,0.270959,3.25325,30.2712,17
30675,640,360,0.832125,23.7064,0.062416,0.822209,26.9932,20
365208,608,640,0.591208,23.6857,0.061833,0.786333,25.5815,1
331075,640,606,0.639333,22.4817,0.181417,2.17379,26.6262,1
416534,640,356,0.574291,23.7525,0.274166,3.276,29.3775,3
150649,512,312,0.76475,23.5973,0.274458,3.34046,29.626,8
361103,640,428,0.752209,23.2896,0.307125,3.51225,29.5003,14
430056,512,376,0.7945,22.8392,0.270084,3.23838,28.7796,2
575243,640,428,0.730334,22.5913,0.271833,3.38042,28.5737,7
279769,640,480,0.900083,24.1666,0.272417,3.21854,30.1566,2
419601,512,330,0.776125,21.5407,0.060959,0.821916,24.7575,5
395180,640,482,0.773208,26.2293,0.272416,3.22525,32.1399,5
281687,512,376,0.795083,21.2494,0.06125,0.839708,24.4971,8
406129,432,640,0.396958,25.5553,0.272125,3.32063,29.9545,13
105923,640,468,0.77175,21.3401,0.060958,0.796833,24.5653,8
481413,640,428,0.716042,37.2925,0.273,3.23167,43.0993,3
546325,480,640,0.941208,21.2258,0.060958,0.7945,24.6266,3
184762,512,376,0.4795,26.2208,0.273583,3.24625,30.6282,11
464476,512,376,0.779333,23.0072,0.271541,3.25879,28.903,12
179174,432,640,0.8925,23.235,0.272125,3.59246,29.6397,17
469192,640,480,0.787792,22.115,0.270959,3.44517,28.2153,20
7991,640,360,0.693292,21.2473,0.06125,0.805583,24.3629,12
131444,480,640,0.793917,23.3721,0.271541,3.22175,29.2851,3
122166,640,480,0.776708,22.6132,0.27125,3.54579,28.8569,16
85376,480,640,0.824833,22.2323,0.272416,3.53967,28.5043,23
439623,480,640,0.802084,23.4693,0.270667,3.4125,29.5537,20
331317,640,484,0.813167,24.726,0.272708,3.18004,30.6384,1
292456,512,376,0.921667,21.2829,0.06125,0.819583,24.6794,6
533958,640,640,0.795958,21.4188,0.06125,0.791583,24.6275,3
411953,512,376,0.466667,26.5831,0.270959,3.24567,30.9767,10
464144,432,640,0.790125,21.471,0.06125,0.791583,24.673,2
537053,480,640,0.456167,26.9494,0.270958,3.17771,31.2638,1
445248,640,428,0.746667,21.3634,0.060958,0.833875,24.6065,8
549390,640,428,0.751333,21.2071,0.060958,0.857208,24.4306,23
150417,640,480,0.414167,27.5004,0.270958,1.65492,30.2514,8
42276,384,500,0.555333,21.7225,0.272417,3.24071,26.2742,3
39951,640,446,0.861583,23.6915,0.273291,3.35592,29.8821,18
14888,640,480,0.802958,23.24,0.271541,3.17829,29.1661,1
273420,512,400,0.816375,24.6021,0.272417,3.22525,30.5847,3
384616,640,480,0.786917,25.6923,0.271834,3.19346,31.5963,1
259830,432,640,0.910583,24.1278,0.272417,3.33142,30.2543,4
228771,640,428,0.753959,22.6187,0.270375,3.19842,28.4445,2
377635,640,428,0.736166,22.9235,0.272125,3.29088,28.828,12
335800,640,428,0.910292,26.5901,0.272125,3.19725,32.5771,5
558558,640,480,0.903292,21.3515,0.061542,0.772917,24.7027,1
498032,640,464,0.472791,25.5682,0.091292,1.1305,28.8285,1
394328,480,640,0.541625,25.4713,0.06125,0.795958,27.4333,1
449406,512,334,0.448875,21.5772,0.305375,3.22087,25.9697,9
76261,640,428,0.752791,23.2893,0.271542,3.28854,29.2483,11
461036,512,332,0.894833,21.6988,0.060959,0.798292,25.0148,8
58705,640,482,0.778458,27.5607,0.272708,3.29583,33.4988,4
177893,640,428,0.86275,23.6215,0.270958,3.20483,29.5511,2
82765,432,640,0.834166,21.348,0.060958,0.814625,24.6175,7
463283,624,612,0.550083,26.1295,0.273875,3.23546,30.6063,5
84664,624,612,0.924875,23.536,0.2695,3.26754,29.6421,3
253835,640,480,0.78225,21.184,0.060958,0.830083,24.4621,7
468245,640,428,0.394041,26.4953,0.2695,3.18237,30.756,1
492992,432,640,0.770292,23.9642,0.271833,3.23488,29.8346,2
68628,640,428,0.759208,23.9575,0.270667,3.32092,29.9078,11
561366,640,480,0.758916,21.5521,0.06125,0.803542,24.7383,9
314294,640,360,0.3955,35.4985,0.270083,3.19054,40.9862,7
127270,336,500,0.771167,22.8871,0.27125,3.38917,28.9511,6
457848,640,428,0.752792,21.3051,0.06125,0.921375,24.5963,57
379453,448,442,0.559417,27.0145,0.270083,3.20017,31.453,1
119452,640,480,0.77,22.4738,0.269792,3.33113,28.434,7
74860,640,428,0.753667,21.4037,0.061542,0.798,24.6006,2
42178,640,480,0.419709,25.8078,0.272125,3.14796,30.0577,0
334719,640,414,0.7735,23.6696,0.272125,3.41192,29.7757,8
579321,640,498,0.495542,22.9758,0.272417,3.31129,27.5217,2
87144,640,480,0.910291,25.8373,0.272709,3.36437,32.1128,5
33114,640,480,0.802958,24.4239,0.273,3.17392,30.3065,3
203629,640,428,0.770583,23.0717,0.27475,3.57437,29.3656,16
29675,480,640,0.832417,23.784,0.271542,3.46879,30.0224,27
334521,512,376,0.954625,24.9057,0.273,3.2305,30.9747,2
152214,480,640,0.816667,21.9581,0.271833,3.23225,27.8863,2
410934,640,480,0.789541,23.5591,0.273292,3.26608,29.5295,1
223959,480,640,0.940917,23.781,0.271833,3.25354,29.8996,2
530854,640,426,0.759791,23.6177,0.27125,3.42679,29.7179,22
470952,432,640,0.781667,23.9053,0.271542,3.46296,30.0172,9
5529,448,640,0.819291,23.6271,0.270958,3.20542,29.5281,2
571718,640,428,0.8995,23.4267,0.271542,3.35942,29.556,9
511760,304,640,0.695334,21.4576,0.060666,0.862167,24.6348,32
299553,384,500,0.797708,26.7024,0.272417,3.41688,32.8248,12
211042,464,640,0.819584,25.6743,0.270083,3.26229,31.6181,9
519611,640,480,0.938875,23.1458,0.27125,3.21708,29.169,1
564133,640,424,0.865666,21.3337,0.060666,0.81725,24.682,4
416170,432,640,0.781375,26.845,0.27125,3.20192,32.688,1
312421,640,428,0.756583,25.0583,0.271834,3.39996,31.0797,8
364636,640,534,0.826875,23.9193,0.273584,3.19229,29.8664,1
166478,640,426,0.769125,22.7138,0.270958,3.34571,28.7446,8
203639,496,640,0.925167,23.5115,0.270959,3.25296,29.5514,4
572388,352,500,0.796542,23.9272,0.270375,3.26667,29.8535,11
241319,640,476,0.763584,24.1118,0.3535,3.27104,30.0936,12
56545,512,640,0.805584,23.8327,0.268917,3.15233,29.6995,1
579158,640,480,0.767667,22.8398,0.27125,3.23225,28.7636,4
331280,512,366,0.77875,21.9759,0.269791,3.69571,28.31,20
32735,640,428,0.850792,22.6427,0.271542,3.27746,28.6291,4
332351,640,426,0.784292,23.429,0.272416,3.472,29.5459,21
337055,640,428,0.74725,23.151,0.272125,3.30371,29.1296,2
408112,640,480,0.857792,23.5428,0.272709,3.29058,29.7019,5
263679,640,428,0.802667,23.8158,0.270958,3.33083,29.9034,11
140640,640,426,0.781375,24.6269,0.273292,3.36671,30.6924,10
421455,512,376,0.831542,23.2613,0.273291,3.17362,29.1579,1
432898,512,500,1.03454,23.4062,0.27125,3.34921,29.6747,10
284762,640,426,0.813459,21.3214,0.060667,0.919625,24.6855,21
86956,480,640,0.455875,26.4262,0.273,3.26638,30.8432,4
139,640,426,0.746667,22.7115,0.271834,3.47229,28.9115,12
451435,640,386,0.842042,23.2458,0.272417,3.24683,29.2606,3
441543,640,404,0.753959,23.5042,0.270375,3.54433,29.6625,13
126226,640,480,0.771167,25.6561,0.065916,0.875,28.9857,5
319721,480,640,0.476583,23.9801,0.270375,3.32704,28.5102,12
105335,624,612,0.939458,23.8391,0.27125,3.40696,30.105,8
119677,640,480,0.815792,23.567,0.270958,3.23167,29.486,4
402346,640,480,0.805875,24.5831,0.27125,3.39208,30.6524,7
133233,640,362,0.837667,26.619,0.272125,3.28475,32.6092,18
26926,432,640,0.790125,23.0638,0.270083,3.25908,28.9803,4
535306,512,334,0.905333,22.8168,0.272125,3.36321,28.9826,22
503755,480,640,0.824542,24.6324,0.272417,3.19287,30.5218,3
425226,480,640,0.93275,23.4961,0.273,3.24975,29.5479,6
45472,640,428,0.867417,23.6317,0.271542,3.46762,29.8349,10
376112,432,640,0.795375,23.466,0.270083,3.46413,29.5963,25
344268,640,512,0.79625,23.9485,0.272416,3.1605,29.794,2
487583,432,640,0.902708,23.5795,0.272125,3.28125,29.6695,3
463542,640,426,0.760667,23.5885,0.270375,3.563,29.7774,17
405972,640,426,0.735,23.2181,0.270667,3.22758,29.0882,2
447313,640,480,0.77525,25.3657,0.272125,3.25558,31.2594,2
193181,432,640,0.781083,23.8443,0.2695,3.41688,29.9513,10
409211,640,428,0.881417,22.3236,0.27125,3.64875,28.7181,23
341196,640,452,0.762708,23.4905,0.270959,3.50029,29.6161,21
549738,640,426,0.956958,26.1622,0.275333,3.35329,32.3511,32
379476,496,640,0.536375,23.0912,0.272417,3.33725,27.7302,11
445846,640,428,0.793334,23.9251,0.272125,3.22,29.8471,1
217614,480,640,0.870333,24.0278,0.273291,3.24217,30.0437,11
181753,640,424,0.873833,26.1835,0.271833,3.31917,32.2913,4
199236,640,424,0.878791,24.4102,0.272417,3.5595,30.7869,17
42070,640,512,0.930416,27.7585,0.272708,3.25558,33.8327,3
239347,640,480,0.912333,23.8169,0.272709,3.18296,30.1335,2
250619,640,482,0.821333,23.5932,0.274458,3.16692,29.531,2
555972,480,640,0.807917,25.9572,0.270375,3.49329,32.1971,6
66841,336,500,0.900083,23.6381,0.271541,3.16225,29.5668,1
209757,432,640,0.936541,23.17,0.270083,3.71233,29.687,4
428454,512,334,0.899209,22.8804,0.270375,3.26638,28.9132,3
482719,640,480,0.889292,21.3086,0.06125,0.795375,24.6555,2
454798,640,426,0.855167,27.9355,0.27125,3.25967,33.9217,3
227491,640,480,0.777875,24.2757,0.310041,3.16604,30.1295,1
139883,640,428,0.755125,26.7097,0.272417,3.17567,32.51,2
22755,640,480,0.91,24.7123,0.27125,3.20162,30.7011,2
471567,640,480,0.78575,27.9525,0.29575,3.16838,33.8071,1
353180,640,420,0.872959,23.4325,0.270958,3.50612,29.6829,9
119828,512,376,0.809083,25.7562,0.272417,3.30837,31.7409,4
423123,640,426,0.779042,23.5763,0.270959,3.21008,29.4312,2
215644,640,480,0.778166,27.2883,0.272125,3.19813,33.1867,1
138492,432,640,0.9065,23.7977,0.270959,3.2445,29.86,2
170278,640,504,0.81025,26.042,0.270958,3.16254,31.9258,1
138856,640,480,0.900084,25.1773,0.326375,4.16062,32.2216,2
226171,640,480,0.990792,24.0252,0.269792,3.33667,30.5594,5
70158,432,640,0.781083,27.8434,0.27125,3.28533,33.7849,4
175364,624,462,0.9485,26.2585,0.269792,3.39588,32.478,14
237517,480,640,0.933625,27.979,0.271541,3.38683,34.1731,9
447314,640,458,0.905333,26.3427,0.274167,3.43875,32.6311,24
231088,432,640,0.704083,24.4764,0.270666,3.48687,30.1292,20
177383,432,640,0.671125,23.9272,0.273,3.48279,29.4881,14
284725,640,428,0.787208,27.2679,0.273291,3.43817,33.3976,12
201025,400,604,0.921666,22.8398,0.273875,3.29263,28.9815,23
247806,640,480,0.798,26.6035,0.269792,3.64379,32.93,1
291861,640,426,0.765042,31.269,0.270958,3.24567,37.1647,1
294162,480,640,0.862166,23.7869,0.270083,3.269,29.7993,6
459437,640,426,0.912041,26.7105,0.273291,3.283,32.7851,3
565045,336,500,0.910291,22.9332,0.314417,3.19492,28.9984,11
509656,640,480,0.7875,23.3911,0.307125,3.16342,29.307,1
78748,640,480,0.791292,25.7873,0.270958,3.8955,32.4113,17
124975,640,426,0.762708,23.7606,0.272416,3.22875,29.6406,1
176232,480,640,0.826,24.4032,0.273292,3.20337,30.3476,1
188689,336,500,0.797708,23.7037,0.272417,3.19083,29.561,1
488166,368,640,0.728292,22.0967,0.270667,3.30313,27.9977,6
134722,640,480,0.758917,23.1624,0.27125,3.23254,29.0666,11
539445,624,612,0.912917,27.0664,0.273875,3.24596,33.1392,3
577149,640,414,0.85575,23.9499,0.27125,3.29904,30.0306,4
416885,512,376,0.798,23.1566,0.305959,3.31829,29.2367,5
544811,640,430,0.872666,23.0542,0.272125,3.24333,29.0923,2
223738,640,640,0.928667,23.074,0.271834,3.3775,29.3008,6
301061,480,640,0.832417,23.7449,0.307417,3.234,29.7666,5
51712,640,368,0.7105,24.2938,0.271833,3.27658,30.1458,14
578500,640,290,0.648667,23.0691,0.309167,3.41367,29.2072,26
180011,480,640,0.797125,23.8814,0.271833,3.38071,29.9711,19
173371,624,612,1.09404,24.3565,0.271541,3.53617,30.8677,10
546964,640,478,0.793333,24.39,0.271834,3.55687,30.606,17
4795,640,480,0.777292,23.7921,0.272125,3.26638,29.7494,4
452793,640,428,0.747541,23.9861,0.270375,3.23312,29.8807,3
21604,512,640,0.814917,25.2828,0.273875,3.59596,31.5697,2
371042,640,428,0.7525,23.7329,0.270958,3.34483,28.595,10
164885,640,428,0.814625,23.9193,0.273583,3.35621,30.1093,13
376900,480,640,0.896,23.6941,0.273,3.33637,29.832,6
397639,640,480,0.911458,24.365,0.272416,3.26492,30.4436,6
578489,640,480,0.909708,24.4907,0.273583,3.444,30.7402,11
326082,640,426,0.911167,26.5361,0.349417,3.29263,32.7527,9
373705,640,428,0.771167,23.9884,0.273583,3.39092,30.0927,6
370677,512,332,0.898917,26.7581,0.273,3.35446,32.9449,11
546556,640,302,0.800042,27.5497,0.270667,3.514,33.7333,23
448365,640,428,0.876458,22.9521,0.320542,3.37196,29.181,2
74058,640,428,0.765042,22.9399,0.27475,3.4195,29.0608,12
224664,640,480,0.77525,23.4267,0.352625,3.22933,29.4709,8
167159,512,376,0.800916,26.3247,0.270958,3.25937,32.305,4
396903,640,428,0.756875,23.966,0.270666,3.19696,29.7891,1
521819,640,480,0.8015,23.6486,0.272417,3.58838,29.9063,19
462728,640,428,0.742875,24.5277,0.273875,3.18646,30.3307,3
257084,512,334,0.769708,24.0581,0.311792,3.31596,30.0504,6
577584,432,640,0.797125,22.0255,0.273875,3.20688,27.9907,3
413689,640,426,0.742583,26.4384,0.27125,3.40375,32.4523,12
32861,432,640,0.830666,23.9056,0.2695,3.23254,29.8352,8
1818,640,426,0.759792,23.2648,0.273292,3.25208,29.1448,2
322959,624,612,1.04942,21.2077,0.06125,0.861875,24.7567,8
384468,640,480,0.395792,25.5765,0.273875,3.35504,30.0166,5
180751,640,480,0.888708,21.2736,0.061542,0.892209,24.6788,13
4495,512,376,0.4725,26.3133,0.272417,3.28417,30.7507,3
48396,640,428,0.781959,23.5576,0.323459,4.05767,30.31,4
254814,640,480,0.937709,28.679,0.273583,3.53762,35.3687,19
434204,512,334,0.893083,21.1692,0.060958,0.82075,24.5811,5
31248,512,334,0.45325,26.383,0.271833,3.28067,30.7948,6
170545,640,480,0.771167,21.6201,0.06125,0.764167,24.7715,3
475150,640,428,0.408625,26.675,0.273,3.19083,32.1539,1
297830,512,640,0.899792,25.4438,0.272708,3.21183,31.568,2
340015,640,480,0.828917,24.0249,0.270375,3.22788,30.095,7
199551,640,428,0.799458,26.5557,0.271833,3.2585,32.5611,4
418062,432,640,0.93975,24.2748,0.271833,3.32412,30.49,14
405691,640,428,0.933042,23.7192,0.272708,3.54608,30.0848,30
405249,512,376,0.818416,23.6224,0.27125,3.59042,29.909,15
523957,640,428,0.769417,23.3794,0.273,3.52129,29.6409,18
427649,480,640,0.810833,25.536,0.273584,3.23721,31.5093,6
415727,640,480,0.937125,27.3341,0.27125,3.30371,33.4527,4
84431,368,640,0.856917,22.8941,0.274167,3.32938,28.959,14
526392,512,334,0.9205,23.6523,0.065333,0.913792,27.1138,10
439426,640,480,0.473375,23.8613,0.271542,3.22933,29.4613,3
449603,640,426,0.798583,27.7964,0.271541,3.21008,33.6796,4
192904,640,436,0.878791,25.9207,0.270083,3.39208,32.0693,5
474452,512,376,0.930708,23.3593,0.272125,3.33346,29.5301,9
511599,640,480,0.873834,24.0018,0.274166,3.36437,30.2126,9
161044,640,230,0.62825,22.9145,0.273875,3.25704,28.7067,6
581781,640,478,0.788667,22.9848,0.271834,3.53267,29.1719,14
177357,640,396,0.725083,23.5702,0.271542,3.2725,29.4312,8
329456,640,428,0.744042,21.9222,0.273583,3.34075,27.8737,8
292236,336,500,0.767959,22.7302,0.312667,3.52537,28.9707,30
71877,432,640,0.767375,22.7025,0.27475,3.34279,28.7344,21
320490,640,426,0.742292,23.2508,0.274166,3.30633,29.2165,11
512564,640,424,0.731791,23.774,0.272417,3.36204,29.778,17
239717,560,640,1.0395,22.8643,0.273292,3.423,29.2031,7
376093,640,480,0.786042,23.6728,0.271541,3.53938,29.8728,19
380706,640,426,0.676959,23.4182,0.27125,3.42504,28.8945,15
354307,512,376,0.835625,22.1089,0.301875,3.22146,28.0604,12
161397,640,480,0.767375,22.2303,0.273,3.25471,28.2021,9
163746,640,488,0.783125,22.764,0.272708,3.47812,28.8969,15
458410,640,480,0.886083,25.5617,0.271833,1.22879,29.5528,16
357742,432,640,0.4935,22.6555,0.27475,3.35533,27.2772,12
359937,640,480,0.940042,25.6783,0.273584,3.26579,31.913,2
21503,640,480,0.858083,23.9744,0.273,3.27367,30.0163,3
472375,624,612,0.949375,23.3698,0.273875,3.25062,29.4799,4
232244,512,376,0.816958,27.6611,0.272125,3.304,33.6691,1
221291,336,500,0.846416,23.522,0.272125,3.32179,29.5628,14
337987,640,480,0.78925,22.7377,0.273583,3.24887,28.6513,11
151962,640,480,0.900959,26.7432,0.272125,3.30108,32.8291,12
488251,640,360,0.718375,25.8507,0.273583,3.28592,31.7829,12
334977,640,320,0.688917,23.5346,0.270083,3.26987,29.3618,11
483050,640,478,0.793917,23.3911,0.272417,3.27104,29.3245,12
240023,480,640,0.923708,23.3508,0.272417,3.47054,29.6179,8
28809,512,500,0.932167,22.237,0.270375,3.29146,28.378,3
125062,432,640,0.77175,22.295,0.271542,3.35446,28.287,6
19786,512,376,0.784583,31.6823,0.27125,3.22583,37.5958,3
125405,640,428,0.738792,21.131,0.061542,0.802666,24.3527,5
485424,640,480,0.389084,25.6492,0.270375,3.28563,30.0175,5
270066,640,480,0.802959,21.1925,0.060375,0.792458,24.4035,2
276720,640,480,0.413875,25.7626,0.273584,3.26229,30.1204,5
448076,640,480,0.765042,21.2351,0.06125,0.866541,24.4945,12
155291,640,428,0.373334,25.5958,0.27475,3.29612,29.9492,1
338718,512,446,0.865667,22.2524,0.273292,3.23692,28.3205,2
301718,480,640,0.802667,21.926,0.274166,3.50438,28.0977,12
517687,640,360,0.695042,23.2391,0.27125,3.38567,29.2168,24
491216,480,640,0.803541,22.7996,0.272417,3.33229,28.847,6
157098,512,334,0.923708,21.3203,0.06125,0.805875,24.6651,3
258911,640,426,0.752209,37.2278,0.32375,4.01713,43.9139,5
515579,512,332,1.07421,21.4833,0.061542,0.795083,25.4138,3
244181,640,480,0.426125,26.8543,0.27125,3.34221,31.2996,5
250137,480,640,0.8575,22.0952,0.274166,3.36817,28.1931,12
290163,512,640,0.812584,20.9816,0.060958,0.830375,24.2891,7
161875,640,422,0.4165,23.3855,0.061834,2.19537,26.4862,35
342367,640,480,0.823083,23.637,0.275333,3.46442,29.93,28
423229,640,424,0.78225,25.2621,0.272708,3.38508,31.3906,32
309467,640,326,0.718083,27.6631,0.273,3.47579,33.7493,38
219283,512,500,1.08325,27.321,0.272125,3.21183,33.5064,1
240940,368,500,0.931,23.1137,0.270667,3.22204,29.2087,3
261982,464,640,0.941209,24.6158,0.27125,3.37196,30.8513,4
47585,432,640,0.78925,23.8204,0.272125,3.35125,29.8909,6
562561,640,480,0.783125,25.319,0.270958,3.25675,31.2331,2
345027,640,404,0.860708,21.2348,0.061833,0.781375,24.5032,3
338325,640,428,0.408041,26.4477,0.273292,3.34046,30.8822,1
480985,384,500,0.835041,22.9475,0.065041,2.0695,27.5652,9
292488,640,426,0.765042,23.4252,0.274166,3.25296,29.3166,2
68286,640,366,0.713416,23.2654,0.272709,3.20804,29.0573,1
402433,640,426,0.78575,23.5474,0.273875,3.20746,29.4082,2
384666,512,332,0.75775,23.5568,0.273875,3.42067,29.7981,12
440336,512,336,0.777584,21.0362,0.061541,0.830667,24.316,7
314709,640,426,0.410375,35.334,0.27125,3.21708,39.6801,2
294783,640,428,0.875583,21.3669,0.060958,0.791875,24.7004,1
433192,512,376,0.477167,26.5787,0.271542,3.25792,30.987,3
547886,640,428,0.787791,21.1333,0.06125,0.836208,24.3731,7
150265,480,640,0.453542,25.6728,0.273583,3.39675,30.2033,15
334399,640,480,0.761542,24.8203,0.270666,3.37458,30.8796,18
162858,432,640,0.940042,26.677,0.272708,3.57554,33.056,17
414510,480,640,0.993709,21.355,0.06125,0.83825,24.8115,9
110784,448,640,0.433708,26.068,0.315292,3.24683,30.4736,4
481582,640,428,0.741417,21.3961,0.061542,0.807042,24.7774,4
472030,640,480,0.4165,27.2207,0.273,3.29204,32.6486,2
382111,640,428,0.749,22.559,0.274458,3.56358,28.8671,9
549220,480,640,0.81725,21.0557,0.061542,0.818416,24.54,14
285349,512,376,0.467542,26.8969,0.273292,3.36321,31.4023,5
293794,432,640,0.781375,21.145,0.071459,0.931292,24.4851,21
357459,640,428,0.443042,24.2742,0.272708,3.57933,29.0377,39
520832,640,480,0.813459,23.1038,0.273875,3.38567,29.4502,29
297562,640,480,0.849041,24.1678,0.273584,3.77358,30.704,41
145591,640,480,0.800917,27.2335,0.273583,3.39354,33.3929,33
11149,512,376,0.943833,25.5792,0.270083,3.51313,31.9282,37
401250,640,332,0.830958,26.4868,0.274458,3.57583,32.8271,45
412362,640,500,0.825709,23.8461,0.272417,3.69746,30.2636,48
101420,512,376,0.832125,23.2791,0.272417,3.39412,29.3895,31
345361,512,358,0.780792,23.7551,0.274166,3.67121,30.1277,44
384808,384,500,0.852542,22.7937,0.273292,3.48221,29.0051,10
250127,640,640,0.8365,23.8566,0.270667,3.45858,30.0271,4
59044,640,428,0.751625,22.323,0.273584,3.70475,28.6618,25
341973,512,376,0.850791,23.6962,0.274167,3.31712,29.7424,4
328430,448,640,0.810834,21.303,0.060959,0.835334,24.5779,8
129945,640,320,0.673167,27.2901,0.272125,3.521,33.3509,33
481390,640,480,0.773792,21.3013,0.06125,0.940916,24.6998,23
298904,480,640,0.45675,26.434,0.273,3.48308,31.0552,9
231580,640,480,0.776416,21.4906,0.06125,0.877625,24.7645,13
374052,640,428,0.405416,26.2745,0.270083,3.86808,31.2244,17
144706,640,480,0.774666,26.8403,0.270667,3.22379,32.6976,5
572462,624,612,0.925166,23.8201,0.272125,3.50612,30.1286,8
50149,512,376,0.81025,21.406,0.06125,0.83125,24.6671,13
159112,640,450,0.404541,27.1224,0.2695,3.3285,31.5306,6
323202,480,640,0.91875,21.4468,0.06125,0.823084,24.81,13
445675,480,640,0.462292,26.9086,0.27125,3.29787,31.3498,13
365766,640,480,0.7735,21.2266,0.061541,0.794209,24.407,3
367228,336,500,0.44975,35.9686,0.272416,3.26871,40.3646,5
304180,640,418,0.80675,23.9429,0.274166,3.53879,30.1543,16
555012,640,426,0.896292,22.0652,0.270958,3.27046,28.1429,12
190756,640,480,0.803542,21.686,0.443041,3.24246,27.7754,13
338428,640,366,0.695625,21.2228,0.061541,0.818125,24.3906,15
67180,480,640,0.443333,28.0172,0.062125,0.948792,31.0575,18
275198,640,480,0.867708,21.385,0.062125,0.927208,24.929,22
152465,640,516,0.835042,28.0799,0.27125,3.178,34.0054,1
329080,640,480,0.919625,24.638,0.335709,3.20454,30.7323,3
529568,480,640,0.939167,21.3124,0.061542,0.793041,24.752,7
263594,512,382,0.807333,27.8098,0.271542,3.43525,33.9313,8
511321,432,640,0.790125,21.7895,0.060666,0.874125,25.0868,47
222118,640,428,0.448875,26.7231,0.300708,3.20746,32.3286,5
128675,640,480,0.784875,22.4073,0.270375,3.26667,28.385,4
23230,640,480,0.79275,24.9684,0.376542,3.19317,30.9432,4
393469,480,640,0.940917,23.4684,0.272709,3.23429,29.5805,3
544444,432,640,0.921375,21.9215,0.091292,1.14683,25.7021,2
340175,640,394,0.442459,23.4174,0.061834,0.821625,25.3018,4
402334,432,640,0.443625,21.5889,0.272125,3.29787,26.0207,9
546475,384,640,0.709334,23.6935,0.272709,3.34863,29.6666,17
161820,432,640,0.776708,23.5465,0.271541,3.37167,29.624,14
108253,480,640,0.830375,27.8766,0.271542,3.46471,34.0454,12
412894,432,640,0.812583,24.1395,0.271542,3.68258,30.5072,15
474039,640,402,0.857791,24.1789,0.274167,3.93633,30.8505,73
519491,480,640,0.935959,23.2035,0.27125,3.30604,29.3271,4
17959,640,428,0.868583,24.2244,0.30625,3.27221,30.2756,8
348881,640,462,0.814333,23.6244,0.368959,3.23604,29.6987,4
134882,640,640,0.79975,23.3424,0.272416,3.25121,29.395,6
316015,512,400,0.836208,23.991,0.270667,3.28154,30.0227,3
370042,640,356,0.706125,22.2174,0.27125,3.47433,28.3211,9
579893,512,332,0.891916,22.4502,0.271833,3.20308,28.4107,1
377882,640,480,0.777875,21.9494,0.273,3.17625,27.8081,2
384350,640,480,0.753375,23.795,0.270084,3.19287,29.6024,1
314541,640,426,0.741709,24.0024,0.272125,3.18675,29.8025,2
142790,512,376,0.786333,23.627,0.270958,3.22438,29.4951,3
121586,640,478,0.7665,23.7889,0.272709,3.33637,29.7596,11
89296,640,426,0.7315,23.931,0.270084,3.28592,29.8156,5
12639,480,640,0.905917,25.2513,0.271542,3.70096,31.8815,29
465129,640,480,0.95725,27.8486,0.271833,3.30896,34.0579,5
112634,640,444,0.92225,27.5179,0.30275,3.20921,33.6636,2
161128,384,500,0.838834,27.2475,0.273292,3.36992,33.3474,22
547383,640,426,0.872375,25.0562,0.271833,3.24071,31.092,2
42628,640,426,0.88725,24.0494,0.272125,3.47142,30.3389,10
119641,640,480,0.838542,23.9027,0.271541,3.61521,30.2438,16
60090,640,424,0.864208,28.6067,0.272709,3.26842,34.6229,3
489046,640,428,0.873542,23.6618,0.33775,3.15554,29.6937,1
260106,400,600,0.786041,22.9265,0.272708,3.30546,28.9432,5
200162,640,426,0.866542,24.6835,0.273292,3.28533,30.7093,6
15497,640,480,0.949959,23.4672,0.273292,3.24246,29.601,2
523807,512,376,0.811416,27.3306,0.31325,3.19317,33.2897,3
55299,640,430,0.868875,27.8626,0.308292,3.25762,33.8963,2
14007,640,426,0.870917,24.8975,0.270958,3.19725,30.8837,1
146358,400,640,0.77525,23.2511,0.272417,3.27571,29.3078,6
89880,512,282,0.728583,23.7049,0.310334,3.30138,29.6899,19
308430,640,480,0.813166,22.8973,0.300708,3.29525,29.0369,11
525155,640,426,0.74025,24.4886,0.270958,3.19783,30.3476,2
417876,512,376,0.911167,23.4917,0.272709,3.22846,29.5397,3
308631,640,426,0.754541,27.3525,0.305666,3.62454,33.693,14
523241,512,334,0.898625,22.9667,0.273292,3.29904,29.0827,6
290248,640,480,0.791292,22.8273,0.271542,3.55337,29.0427,15
65798,640,480,0.77175,22.7482,0.273,3.3075,28.7082,5
65485,640,364,0.704667,23.3616,0.270959,3.18587,29.1209,1
347335,480,640,0.845541,24.3445,0.270667,3.34396,30.4028,13
436551,640,438,0.762708,24.5152,0.424666,4.16208,31.4685,15
548267,640,480,1.008,24.3874,0.30275,3.59158,31.4802,27
321214,640,480,0.843208,23.4351,0.27125,3.29263,29.449,6
106048,640,428,0.761833,23.466,0.27475,3.28271,29.4286,12
376264,640,482,0.607542,22.4872,0.270083,3.38129,27.2653,13
252776,432,640,0.8225,24.2576,0.31325,3.31946,30.3765,10
521601,640,480,0.827167,23.2333,0.273,3.3285,29.3784,27
133969,640,428,0.784583,21.0184,0.06125,0.98525,24.4845,35
505565,640,424,0.375958,27.979,0.271541,3.43,32.4817,25
210708,512,334,0.947625,23.9808,0.272708,3.34279,30.1464,22
255824,640,478,0.893083,21.6915,0.06125,0.812,25.0218,22
551215,480,640,0.4585,26.4947,0.272125,3.2165,30.8688,2
143572,640,424,0.786625,21.2622,0.061542,0.893958,24.5639,15
561889,640,480,0.415625,26.8132,0.273,3.36058,31.2766,8
301421,640,428,0.878792,23.147,0.272125,3.30021,29.2475,6
12120,640,428,0.740542,23.8711,0.065334,0.898917,27.1795,10
148730,640,428,0.431667,22.6306,0.270958,3.12783,26.9126,0
3501,624,612,0.967167,23.9803,0.271542,3.25121,30.0816,3
166426,592,640,1.0255,23.9266,0.270375,3.41367,30.2534,7
391722,640,640,0.822792,24.9588,0.274167,3.41162,31.2311,8
127955,640,426,0.930416,23.8761,0.270084,3.28475,29.9664,20
374369,640,480,0.787208,23.9056,0.273583,3.27542,29.8413,8
24021,640,390,0.850208,24.1273,0.271833,3.71,30.5678,21
82696,432,640,0.90125,26.6592,0.300416,3.47667,32.9858,24
535858,640,426,0.763291,24.5802,0.273,3.29612,30.5687,3
343803,432,640,0.837083,23.9187,0.273583,3.248,29.8827,2
49269,432,640,0.83475,23.3514,0.272417,3.29612,29.3516,2
527695,640,426,0.741708,24.7657,0.274166,3.36117,30.7414,6
564336,640,360,0.830375,27.3636,0.272417,3.26638,33.3308,10
462371,512,402,0.865958,26.6822,0.273,3.4895,32.907,16
577864,640,426,0.866542,21.1487,0.06125,0.802667,24.4402,7
5477,640,350,0.362833,25.8822,0.271833,3.25967,30.1828,8
273642,384,500,0.809375,21.2995,0.06125,0.812291,24.5332,7
475572,640,432,0.394625,26.4935,0.273292,3.33521,30.9012,13
183049,432,640,0.889583,22.4939,0.27125,3.45771,28.7006,22
304396,432,640,0.800916,21.9908,0.062708,0.862458,25.3251,18
484351,640,426,0.482125,31.5225,0.270667,4.01421,36.7675,29
323751,640,424,0.907667,24.7112,0.272125,3.25471,30.793,6
311002,640,428,0.85575,23.8324,0.274167,3.36933,30.0522,7
249129,640,428,0.842333,27.4724,0.273,3.59567,33.8255,18
489339,432,640,0.80675,28.1132,0.270667,3.32092,34.1387,18
304365,640,428,0.884625,26.9092,0.272708,3.34104,33.0808,8
206411,640,480,0.912042,24.1588,0.371875,3.23575,30.301,12
539883,640,428,0.886666,23.4007,0.274167,3.27046,29.5003,8
216636,640,428,0.760667,25.433,0.275333,3.24158,31.4458,7
279730,512,334,0.933042,24.7695,0.272417,3.31158,30.8875,5
538364,640,480,0.905625,24.5359,0.317333,3.486,30.8513,19
453708,640,428,0.761542,22.6759,0.339792,3.44837,28.8747,13
580418,640,428,0.744041,24.3965,0.273,3.40725,30.4792,13
437514,640,556,0.829209,23.9692,0.272125,3.24304,29.918,10
500270,640,426,0.767375,23.5521,0.273291,3.33288,29.5301,12
95899,640,480,0.7735,26.4472,0.270083,3.24304,32.3385,9
206579,640,480,0.826875,23.6553,0.271542,3.38246,29.7433,12
104603,640,428,0.758917,27.2735,0.27125,3.23488,33.1386,9
411938,640,428,0.781375,21.9514,0.273,3.49912,28.107,18
556873,432,640,0.763292,23.4413,0.340084,3.35446,29.5362,19
446651,640,426,0.732667,23.5287,0.271542,3.25675,29.395,2
63602,640,426,0.738792,25.9799,0.270667,3.24508,31.885,3
498463,640,480,0.781083,23.1262,0.273292,3.33725,29.1267,5
360951,640,428,0.759209,23.865,0.272709,3.353,29.8547,6
481567,640,480,0.773791,23.0367,0.272709,3.25383,28.9459,2
110884,640,640,0.800625,25.244,0.270083,3.23808,31.1625,2
269196,640,428,0.875583,28.0566,0.371584,4.37471,35.3389,5
565989,480,640,0.982917,25.7294,0.27125,3.23838,32.4864,4
132329,432,640,0.84,23.5486,0.270666,3.42271,29.6873,6
212166,624,612,0.947334,23.4978,0.272125,3.24713,29.5881,2
173033,480,640,0.553875,25.9639,0.272708,3.19783,30.4722,1
555005,640,480,0.82775,24.0712,0.317042,3.26288,30.1303,2
414676,432,640,0.807625,21.4748,0.061541,0.798,24.8666,5
472623,432,640,0.778458,27.232,0.273583,3.35358,33.2468,8
359540,640,428,0.768833,23.8551,0.272708,3.44546,29.9536,19
463618,640,452,0.964833,22.6887,0.273291,3.34687,28.8811,11
409867,432,640,0.801792,24.0508,0.273,3.28767,30.0703,4
11122,640,480,0.795667,22.7535,0.269791,3.19608,28.6848,1
91406,640,424,0.870916,23.9648,0.271834,3.64408,30.3651,13
41633,640,430,0.894833,22.0617,0.272708,3.26579,28.1493,3
177015,640,480,0.888417,21.8592,0.060958,0.800041,25.2064,3
508312,512,334,0.469875,22.2044,0.27125,3.24508,26.7798,2
341828,624,612,0.97475,23.4967,0.273292,3.23225,29.591,2
344816,640,428,0.79975,23.4876,0.271541,3.19725,29.3656,1
144300,640,428,0.770583,23.4004,0.273,3.31537,29.3659,5
413552,432,640,0.800917,23.3368,0.273583,3.39617,29.4423,32
291551,432,640,0.954041,21.95,0.27475,3.53208,28.3135,33
383384,640,360,0.842917,23.38,0.272125,3.49708,29.5907,14
556193,512,334,0.795083,24.3387,0.273875,3.32296,30.4013,3
305317,336,500,0.776709,23.3532,0.270375,3.39617,29.3912,18
31217,640,426,0.888125,22.5438,0.270375,3.39121,28.6915,28
94852,640,512,0.98875,23.5862,0.273583,3.20979,29.6666,2
258541,336,448,0.811416,23.3039,0.27125,3.23633,29.3562,2
31817,336,640,0.724792,23.8831,0.271833,3.27454,29.8113,7
532690,528,640,0.861,23.9905,0.272125,3.27483,30.0425,4
437331,640,428,0.741708,23.317,0.272417,3.50671,29.493,34
146498,640,480,0.761833,23.6801,0.27125,3.31013,29.6135,24
