group,run,duration_s,motion_frames,motion_fps,capture_fps,transfer_ms_avg,transfer_ms_p50,transfer_ms_p95,algorithm_ms_avg,algorithm_ms_p50,algorithm_ms_p95,process_cpu_pct,cpu_cores,soc_cpu_pct,rss_mib,npu_total_pct,max_temp_c,detections
three_frame_2k_direct,frame_diff_2k_direct_r1,20.076639259999865,1201,59.820769026459466,60.02000555943685,0.194105,0.193083,0.208833,16.4671,16.5448,17.64,438.9913583060312,4.389913583060312,54.8739197882539,88.62109375,1,45.307,20
three_frame_2k_direct,frame_diff_2k_direct_r2,20.070829967999998,1202,59.887907072921905,60.03737772285432,0.193423,0.192208,0.205625,16.4532,16.49,17.2378,436.86367860585693,4.36863678605857,54.60795982573212,88.86328125,1,51.769,20
three_frame_2k_direct,frame_diff_2k_direct_r3,20.043945843000074,1203,60.01812265024266,60.01812265024266,0.192382,0.191334,0.203583,16.4498,16.5451,17.4195,436.1089674976546,4.3610896749765455,54.513620937206824,88.98828125,1,50.846,20
three_frame_4k_to_2k,frame_diff_4k_to_2k_r1,20.07386330100053,833,41.49674566920466,60.028305559893894,5.88593,5.88175,5.94913,18.2677,18.1562,20.5651,321.1213438773425,3.211213438773425,40.14016798466781,98.1015625,1,46.23,20
three_frame_4k_to_2k,frame_diff_4k_to_2k_r2,20.085692509999717,832,41.42252001447232,60.092526030610685,5.89176,5.88467,5.96604,18.1409,17.8993,20.3166,322.87178149798365,3.2287178149798366,40.358972687247956,92.7421875,1,49.0,20
three_frame_4k_to_2k,frame_diff_4k_to_2k_r3,20.0639588009999,834,41.56707099889166,60.05793831374635,5.8978,5.89225,5.957,18.068,17.8687,20.0918,321.4111290159351,3.214111290159351,40.17639112699189,92.16015625,1,48.076,20
mog2_2k_direct,mog2_2k_direct_r1,20.14931042599983,392,19.454760074279246,55.982064703538235,0.191733,0.192208,0.206792,51.1352,51.4605,55.057,707.9975895564718,7.079975895564718,88.49969869455897,264.8359375,1.25,53.615,20
mog2_2k_direct,mog2_2k_direct_r2,20.234152760000143,398,19.66971410766384,55.79675182802129,0.191852,0.192791,0.209125,50.7593,51.4086,54.7441,715.8974729651162,7.158974729651162,89.48718412063953,264.25,1.3,55.461,20
mog2_2k_direct,mog2_2k_direct_r3,20.202071175999663,392,19.403951039718212,56.083358489797796,0.193426,0.193958,0.206209,51.2521,51.4156,55.7821,708.7763893926334,7.087763893926334,88.59704867407918,265.68359375,1.4,56.384,20
mog2_4k_to_2k,mog2_4k_to_2k_r1,20.161845968000307,343,17.012331139935768,58.52638701202392,5.90485,5.894,5.97567,53.2312,53.0618,56.6997,643.9288308924666,6.439288308924667,80.49110386155833,267.66796875,1.15,50.846,20
mog2_4k_to_2k,mog2_4k_to_2k_r2,20.153455593000217,347,17.21789091695627,57.111793790826134,5.89987,5.89604,5.94067,52.3098,52.6677,56.4072,649.8781469960645,6.498781469960645,81.23476837450806,267.46484375,1.15,54.538,20
mog2_4k_to_2k,mog2_4k_to_2k_r3,20.10460142699958,345,17.160250664640408,56.50447755081595,5.89846,5.89458,5.95992,52.3465,52.6785,58.14,645.9613560309174,6.459613560309174,80.74516950386467,269.109375,1.2,55.461,20
